lat,cdf
3.95,1.6747742067321e-08
3.975,2.5121613100982e-08
4.038,3.3495484134642e-08
4.062,5.8617097235624e-08
4.063,6.6990968269284e-08
4.087,8.3738710336605e-08
4.125,9.2112581370266e-08
4.137,1.0048645240393e-07
4.138,1.0886032343759e-07
4.15,1.2560806550491e-07
4.163,1.4235580757223e-07
4.175,1.5072967860589e-07
4.2,1.6747742067321e-07
4.225,1.7585129170687e-07
4.238,1.9259903377419e-07
4.25,2.0934677584151e-07
4.262,2.1772064687517e-07
4.275,2.3446838894249e-07
4.287,2.4284225997615e-07
4.3,2.5959000204348e-07
4.312,2.763377441108e-07
4.337,2.8471161514446e-07
4.338,2.9308548617812e-07
4.35,3.182070992791e-07
4.363,3.2658097031276e-07
4.375,3.3495484134642e-07
4.387,3.600764544474e-07
4.388,3.8519806754838e-07
4.4,4.019458096157e-07
4.463,4.1869355168303e-07
4.475,4.2706742271669e-07
4.5,4.3544129375035e-07
4.513,4.4381516478401e-07
4.525,4.6893677788499e-07
4.55,5.0243226201963e-07
4.563,5.1080613305329e-07
4.575,5.1918000408695e-07
4.587,5.2755387512061e-07
4.588,5.4430161718793e-07
4.6,5.7779710132258e-07
4.612,5.945448433899e-07
4.613,6.0291871442356e-07
4.625,6.1966645649088e-07
4.637,6.364141985582e-07
4.638,6.6990968269284e-07
4.65,7.0340516682748e-07
4.662,7.201529088948e-07
4.663,7.5364839302945e-07
4.675,8.0389161923141e-07
4.687,8.1226549026507e-07
4.688,8.2901323233239e-07
4.7,8.5413484543337e-07
4.712,8.6250871646703e-07
4.713,8.7925645853435e-07
4.725,8.9600420060167e-07
4.737,9.0437807163533e-07
4.738,9.2112581370266e-07
4.75,9.6299516887096e-07
4.762,9.7136903990462e-07
4.763,1.0048645240393e-06
4.775,1.0132383950729e-06
4.787,1.0216122661066e-06
4.788,1.0299861371402e-06
4.8,1.0467338792076e-06
4.813,1.0634816212749e-06
4.825,1.0969771054095e-06
4.837,1.1053509764432e-06
4.838,1.1220987185105e-06
4.85,1.1388464605778e-06
4.862,1.1639680736788e-06
4.863,1.1890896867798e-06
4.875,1.2309590419481e-06
4.887,1.2477067840154e-06
4.888,1.2644545260827e-06
4.9,1.2895761391837e-06
4.912,1.306323881251e-06
4.913,1.3230716233184e-06
4.925,1.3481932364193e-06
4.937,1.3733148495203e-06
4.938,1.3900625915876e-06
4.95,1.4151842046886e-06
4.962,1.4319319467559e-06
4.963,1.4654274308906e-06
4.975,1.4905490439916e-06
4.987,1.4989229150252e-06
4.988,1.5240445281262e-06
5,1.5659138832945e-06
5.012,1.5826616253618e-06
5.013,1.5910354963955e-06
5.025,1.6077832384628e-06
5.037,1.6245309805301e-06
5.038,1.6412787225975e-06
5.05,1.6915219487994e-06
5.062,1.7082696908667e-06
5.063,1.7166435619004e-06
5.087,1.7333913039677e-06
5.1,1.750139046035e-06
5.125,1.7585129170687e-06
5.137,1.775260659136e-06
5.15,1.7920084012033e-06
5.162,1.8338777563717e-06
5.163,1.8673732405063e-06
5.175,1.87574711154e-06
5.187,1.9427380798092e-06
5.188,2.0181029191122e-06
5.2,2.1018416294488e-06
5.212,2.21907582392e-06
5.213,2.2776929211557e-06
5.225,2.3363100183913e-06
5.237,2.3698055025259e-06
5.238,2.3949271156269e-06
5.25,2.5121613100982e-06
5.262,2.5372829231991e-06
5.263,2.5456567942328e-06
5.275,2.5875261494011e-06
5.287,2.6293955045694e-06
5.288,2.6712648597377e-06
5.3,2.713134214906e-06
5.312,2.7466296990406e-06
5.313,2.763377441108e-06
5.325,2.8387422804109e-06
5.337,2.9057332486802e-06
5.338,2.9392287328148e-06
5.35,3.1402016376227e-06
5.362,3.1988187348583e-06
5.363,3.2658097031276e-06
5.375,3.3746700265652e-06
5.387,3.4667826079355e-06
5.388,3.5505213182721e-06
5.4,3.7179987389453e-06
5.412,3.7263726099789e-06
5.413,3.7766158361809e-06
5.425,3.9692148699551e-06
5.437,4.069701322359e-06
5.438,4.1953093878639e-06
5.45,4.2874219692342e-06
5.462,4.3460390664698e-06
5.463,4.4046561637054e-06
5.475,4.5721335843786e-06
5.487,4.6558722947152e-06
5.488,4.7396110050518e-06
5.5,4.8066019733211e-06
5.512,4.9154622967587e-06
5.513,4.982453265028e-06
5.525,5.1331829436339e-06
5.537,5.2755387512061e-06
5.538,5.3843990746437e-06
5.55,5.7444755290911e-06
5.562,5.9621961759663e-06
5.563,6.1882906938751e-06
5.575,6.5483671483225e-06
5.587,6.7242184400294e-06
5.588,6.9251913448372e-06
5.6,7.3690065096212e-06
5.612,7.5867271564964e-06
5.613,7.8379432875062e-06
5.625,8.2315152260883e-06
5.637,8.4576097439971e-06
5.638,8.7255736170742e-06
5.65,9.2531274921949e-06
5.662,9.4624742680364e-06
5.663,9.7388120121472e-06
5.675,1.0391973952773e-05
5.687,1.0651563954816e-05
5.688,1.0978144925129e-05
5.7,1.1706671705057e-05
5.712,1.2301216548447e-05
5.713,1.2770153326332e-05
5.725,1.3808513334506e-05
5.737,1.4369562693761e-05
5.738,1.4888742697848e-05
5.75,1.6303926902537e-05
5.762,1.7099444650735e-05
5.763,1.7886588527899e-05
5.775,1.9854448220809e-05
5.787,2.0834191131747e-05
5.788,2.1872551139921e-05
5.8,2.4527068257592e-05
5.812,2.5841766009876e-05
5.813,2.7256950214565e-05
5.825,3.0648367983197e-05
5.837,3.2557610578872e-05
5.838,3.4366366722143e-05
5.85,3.9064108372026e-05
5.862,4.1835859684168e-05
5.863,4.4473629059771e-05
5.875,5.0586554914343e-05
5.887,5.3584400744394e-05
5.888,5.7042809481295e-05
5.9,6.4445311475051e-05
5.912,6.8849967638757e-05
5.913,7.2978286058351e-05
5.925,8.2867827749104e-05
5.937,8.8260600694782e-05
5.938,9.4055319450075e-05
5.95,0.00010682547277641
5.962,0.00011404374960742
5.963,0.00012141275611704
5.975,0.00013692953914242
5.987,0.00014558812179122
5.988,0.00015419646121382
6,0.00017487154879593
6.012,0.00018651960340375
6.013,0.00019762335639439
6.025,0.00022229278045955
6.037,0.00023573284346858
6.038,0.00024935713164034
6.05,0.00028025671575455
6.062,0.00029739802976045
6.063,0.0003147486905422
6.075,0.00035153510599307
6.087,0.00037125557227734
6.088,0.00039048198017062
6.1,0.00043221735340239
6.112,0.00045552183648906
6.113,0.00047834900892682
6.125,0.00052927051868251
6.137,0.00055682892825429
6.138,0.00058470554492535
6.15,0.00064519838927251
6.162,0.00067717820275006
6.163,0.00071016288075165
6.175,0.00077949015903932
6.187,0.00081583275932541
6.188,0.00085118724282952
6.2,0.00092807612666059
6.212,0.00097085823377157
6.213,0.001012769458295
6.225,0.001101331518347
6.237,0.0011486355158162
6.238,0.0011959813826405
6.25,0.0012968027898858
6.262,0.0013479755157725
6.263,0.0014000274981177
6.275,0.0015106630822144
6.287,0.0015677896304061
6.288,0.0016250334127922
6.3,0.0017445369263135
6.312,0.001808094607459
6.313,0.0018703794602074
6.325,0.0020046461083611
6.337,0.0020736635534205
6.338,0.002142203687831
6.35,0.0022841240541095
6.362,0.00236011693374
6.363,0.0024350463317492
6.375,0.0025911855310428
6.387,0.0026713234768349
6.388,0.0027518549945657
6.4,0.0029232430130116
6.412,0.0030118218208056
6.413,0.0030998479531115
6.425,0.0032816195716391
6.437,0.0033742597068845
6.438,0.0034676199950388
6.45,0.0036596663533248
6.462,0.0037579086082917
6.463,0.0038566867910048
6.475,0.004059242357438
6.487,0.0041645605334283
6.488,0.0042694348942539
6.5,0.0044876663472621
6.512,0.004599599881369
6.513,0.0047109891138588
6.525,0.0049405922837307
6.537,0.0050573742891662
6.538,0.0051745917358953
6.55,0.0054146957400435
6.562,0.0055382940765003
6.563,0.0056636509258742
6.575,0.0059179402675534
6.587,0.0060473919398627
6.588,0.0061787528547678
6.6,0.006449228889155
6.612,0.006585815099585
6.613,0.0067242686832556
6.625,0.0070066272406396
6.637,0.0071504652233848
6.638,0.0072947637690368
6.65,0.0075914248981463
6.662,0.0077435865086989
6.663,0.0078955052769916
6.675,0.0082099106388214
6.687,0.0083696087333044
6.688,0.0085297087735969
6.7,0.008858843774575
6.712,0.0090246631687835
6.713,0.0091921824588119
6.725,0.0095366416437815
6.737,0.0097157838668046
6.738,0.0098927740049721
6.75,0.010256710813966
6.762,0.010445307137386
6.763,0.010634079312098
6.775,0.011022091000314
6.787,0.011223775684159
6.788,0.011423241292181
6.8,0.01183825871448
6.812,0.012051993398743
6.813,0.012266431488173
6.825,0.012707039460352
6.837,0.012937153436357
6.838,0.01317041598787
6.85,0.013645323335802
6.862,0.013892620495168
6.863,0.014137606466129
6.875,0.014653503912771
6.887,0.014920086097127
6.888,0.015187949483752
6.9,0.015748705757521
6.912,0.016036381723012
6.913,0.016326059043679
6.925,0.016933206562975
6.937,0.017253021445492
6.938,0.017572643728976
6.95,0.018235753828389
6.962,0.018584207349842
6.963,0.018931898849031
6.975,0.019662653078654
6.987,0.020046084259414
6.988,0.020428996260171
7,0.021237987566861
7.012,0.021663053634401
7.013,0.022087717756131
7.025,0.022983345132536
7.037,0.023453671973013
7.038,0.023926527722542
7.05,0.024925831996215
7.062,0.025454298623278
7.063,0.025982162331627
7.075,0.027105131932725
7.087,0.027698755650301
7.088,0.02829515949306
7.1,0.029543787402889
7.112,0.030208002853279
7.113,0.030873399019485
7.125,0.032275494863748
7.137,0.033023055452536
7.138,0.033772441545209
7.15,0.035366818216147
7.162,0.036212478704095
7.163,0.037057904723653
7.175,0.038847601936451
7.187,0.039794603011648
7.188,0.04074642743656
7.2,0.042784954227123
7.212,0.043856039323296
7.213,0.044929837553685
7.225,0.047209088014853
7.237,0.048419196117927
7.238,0.049634630002979
7.25,0.052211881412621
7.262,0.053578915858867
7.263,0.054943220423155
7.275,0.057852026882504
7.287,0.059395641147236
7.288,0.060944874279432
7.3,0.064212769076447
7.312,0.065944644709757
7.313,0.067671797479805
7.325,0.071356694306554
7.337,0.073308744130953
7.338,0.075260425505026
7.35,0.079384012687486
7.362,0.081558020337503
7.363,0.083735930211422
7.375,0.08831502248263
7.387,0.090728564713564
7.388,0.093145406249686
7.4,0.098226562332588
7.412,0.10090239095204
7.413,0.10358542110058
7.425,0.10922083533333
7.437,0.11216811135621
7.438,0.11511215506487
7.45,0.12128820315929
7.462,0.12453738235454
7.463,0.12778270956912
7.475,0.13457413669807
7.487,0.13809691538161
7.488,0.14162595772068
7.5,0.14899485536997
7.512,0.15282415122883
7.513,0.15665694736577
7.525,0.16461943523716
7.537,0.16874244462252
7.538,0.17287653263926
7.55,0.18143417664663
7.562,0.18585969212308
7.563,0.1902815733395
7.575,0.19942729756181
7.587,0.20414208841312
7.588,0.20887643225329
7.6,0.21866004447547
7.612,0.22367174767202
7.613,0.22867081469718
7.625,0.23893116814504
7.637,0.24419249643711
7.638,0.24946102625826
7.65,0.2602411710028
7.662,0.26575611035298
7.663,0.27127221367124
7.675,0.28256267886432
7.687,0.2883136608912
7.688,0.29407047950619
7.7,0.30581215399217
7.712,0.31178003602657
7.713,0.31774492021514
7.725,0.32987555263676
7.737,0.33604667689502
7.738,0.34221795188295
7.75,0.35468682170336
7.762,0.36098405645939
7.763,0.36728240494026
7.775,0.38001516893242
7.787,0.38644351338722
7.788,0.39287834759207
7.8,0.40585529366358
7.812,0.41239134284761
7.813,0.41893852928012
7.825,0.43207035847026
7.837,0.43867414389709
7.838,0.44529148662111
7.85,0.45855441713616
7.862,0.46524610308723
7.863,0.47193273959406
7.875,0.48530464766674
7.887,0.49197750078185
7.888,0.49865124990116
7.9,0.51199014817422
7.912,0.51864249367917
7.913,0.52529618737736
7.925,0.53857362143704
7.937,0.54519472402916
7.938,0.55180911077671
7.95,0.56496693246254
7.962,0.57150931229308
7.963,0.57804515213033
7.975,0.59103975869585
7.987,0.59746176413028
7.988,0.60390355702195
8,0.61673859947493
8.012,0.62304856251492
8.013,0.62936092048203
8.025,0.64179335558958
8.037,0.6479633912446
8.038,0.65411500438334
8.05,0.66625667356699
8.062,0.67223931873602
8.063,0.67821144632303
8.075,0.68998473217216
8.087,0.69576811270607
8.088,0.70155037951514
8.1,0.71289926083254
8.112,0.71844543472169
8.113,0.72400966267678
8.125,0.73494605548093
8.137,0.74028150927938
8.138,0.74562229723368
8.15,0.75603945979053
8.162,0.76112013018891
8.163,0.76620177195633
8.175,0.77612402198734
8.187,0.78094356996528
8.188,0.78576377110516
8.2,0.79513803501573
8.212,0.79968127037117
8.213,0.80421938929141
8.225,0.81303851579567
8.237,0.81731246420641
8.238,0.82159007199879
8.25,0.82989056280059
8.262,0.83390265189023
8.263,0.83792770373224
8.275,0.84569100233335
8.287,0.84942135253207
8.288,0.85315621624728
8.3,0.86035993091657
8.312,0.86383785077298
8.313,0.86730895429837
8.325,0.87397494083923
8.337,0.87718673907419
8.338,0.88039515426525
8.35,0.88655411966277
8.362,0.88950998727733
8.363,0.89245904693473
8.375,0.89810326210594
8.387,0.9008172755773
8.388,0.90353626312806
8.4,0.90873649565706
8.412,0.91120653639586
8.413,0.91367968384081
8.425,0.91839755627666
8.437,0.92064954141375
8.438,0.92291299875414
8.45,0.9272032175963
8.462,0.92924911339338
8.463,0.9312879416433
8.475,0.93516659309802
8.487,0.93701350059772
8.488,0.93885927762483
8.5,0.94236824779504
8.512,0.94403373537879
8.513,0.94569795013415
8.525,0.9488536099377
8.537,0.95034726568785
8.538,0.95184046924896
8.55,0.95467158293286
8.562,0.95600255949043
8.563,0.95733436506124
8.575,0.95985541942237
8.587,0.9610528494847
8.588,0.96224860477282
8.6,0.96449816148731
8.612,0.96555989296953
8.613,0.96661669224172
8.625,0.96861435454164
8.637,0.96955052820159
8.638,0.97048934800479
8.65,0.97225104299285
8.662,0.97308379097167
8.663,0.97391617050015
8.675,0.97547989880311
8.687,0.97621607930116
8.688,0.97695152289856
8.7,0.97832589285583
8.712,0.97897055531736
8.713,0.9796143468963
8.725,0.98082718488133
8.737,0.98139187687449
8.738,0.98195503644924
8.75,0.98302084600666
8.762,0.98351667128444
8.763,0.98400988391445
8.775,0.98493603405077
8.787,0.98536923952096
8.788,0.98580641420601
8.8,0.98661532177399
8.812,0.98699358627632
8.813,0.9873714320851
8.825,0.98807154632062
8.837,0.98840036311449
8.838,0.98872561263931
8.85,0.98933722343187
8.862,0.98962091343475
8.863,0.98990353158213
8.875,0.99043687180214
8.887,0.99068368327699
8.888,0.99093228676023
8.9,0.99139419786032
8.912,0.99160901277395
8.913,0.99182273071047
8.925,0.99221837936907
8.937,0.99240103861792
8.938,0.99258704741519
8.95,0.99293378429308
8.962,0.99309550049049
8.963,0.99325706595821
8.975,0.99355830759478
8.987,0.99369836896168
8.988,0.9938371575002
9,0.99409535743965
9.012,0.9942144757551
9.013,0.99433260595377
9.025,0.9945549657252
9.037,0.99466090356765
9.038,0.99476539273041
9.05,0.99496165951969
9.062,0.99505280073202
9.063,0.99514312130499
9.075,0.9953134793373
9.087,0.99539226071599
9.088,0.99547128493693
9.1,0.99561704053614
9.112,0.99568514522926
9.113,0.9957536183727
9.125,0.99588131153209
9.137,0.99594104235418
9.138,0.99600100764465
9.15,0.99611528586265
9.162,0.9961680579979
9.163,0.99622158378155
9.175,0.99632237169331
9.187,0.99636874619109
9.188,0.99641656936857
9.2,0.99650407632087
9.212,0.99654458073506
9.213,0.99658632448216
9.225,0.99666522309504
9.237,0.99670220210952
9.238,0.99673892990788
9.25,0.99680922855521
9.262,0.99684307574192
9.263,0.9968760687938
9.275,0.99693876396622
9.287,0.99696913599646
9.288,0.99699812633798
9.3,0.99705351949487
9.312,0.99708019864798
9.313,0.99710744722433
9.325,0.99715825987376
9.337,0.99718318051396
9.338,0.99720836911802
9.35,0.99725459288613
9.362,0.99727736144147
9.363,0.99729963593842
9.375,0.99734362388296
9.387,0.99736460880377
9.388,0.99738596217491
9.4,0.99742566269748
9.412,0.99744435317762
9.413,0.9974627756939
9.425,0.99749956210935
9.437,0.99751736495917
9.438,0.9975357707277
9.45,0.9975697686441
9.462,0.99758652476003
9.463,0.99760265283564
9.475,0.99763424745105
9.487,0.99764945440085
9.488,0.99766491256678
9.5,0.99769427973249
9.512,0.99770838133132
9.513,0.99772278438949
9.525,0.99775110482133
9.537,0.9977647877266
9.538,0.99777857949219
9.55,0.99780418678981
9.562,0.99781686483056
9.563,0.99782952612356
9.575,0.99785507480408
9.587,0.99786757699354
9.588,0.99787912456169
9.6,0.99790345903092
9.612,0.9979149982252
9.613,0.99792646205464
9.625,0.99794944833063
9.637,0.99796055208362
9.638,0.99797166421048
9.65,0.99799328554549
9.662,0.99800390361396
9.663,0.99801435420501
9.675,0.99803462734679
9.687,0.998044742983
9.688,0.99805509308759
9.7,0.99807377519387
9.712,0.9980831623033
9.713,0.99809278388112
9.725,0.99811249597353
9.737,0.99812156487586
9.738,0.99813114458432
9.75,0.99814965083931
9.762,0.99815840153454
9.763,0.99816721922073
9.775,0.99818406744925
9.787,0.99819247481577
9.788,0.99820069795713
9.8,0.99821692651919
9.812,0.99822537575506
9.813,0.99823346491448
9.825,0.99825029639526
9.837,0.99825891310855
9.838,0.99826736234443
9.85,0.99828258604196
9.862,0.99828995504847
9.863,0.99829796884305
9.875,0.99831297481995
9.887,0.99832046943452
9.888,0.99832751186006
9.9,0.99834256808018
9.912,0.9983496440012
9.913,0.99835682878255
9.925,0.99837165053428
9.937,0.99837842499594
9.938,0.99838560140342
9.95,0.99839877350256
9.962,0.99840565682455
9.963,0.99841265738073
9.975,0.99842639052923
9.987,0.99843249508121
9.988,0.99843897645739
10,0.99845236627717
10.012,0.99845872204529
10.013,0.99846500244856
10.025,0.99847812430447
10.037,0.99848468941936
10.038,0.99849065998941
10.05,0.99850307006628
10.062,0.99850897364536
10.063,0.99851515356218
10.075,0.99852741290938
10.087,0.99853356770459
10.088,0.99853953827463
10.1,0.99855091836537
10.112,0.99855657910219
10.113,0.99856268365417
10.125,0.99857442382136
10.137,0.9985799924456
10.138,0.99858541034015
10.15,0.99859694953444
10.162,0.99860250978481
10.163,0.9986083212513
10.175,0.99861929939623
10.187,0.99862459168272
10.188,0.99862982535212
10.2,0.99864028431704
10.212,0.9986458445674
10.213,0.99865166440777
10.225,0.99866287702109
10.237,0.99866846239307
10.238,0.99867383841827
10.25,0.99868423039222
10.262,0.99868918772387
10.263,0.99869448001037
10.275,0.99870485523658
10.287,0.9987098209421
10.288,0.99871463591795
10.3,0.99872479342351
10.312,0.99872993498032
10.313,0.99873458247875
10.325,0.99874428779528
10.337,0.99874895204144
10.338,0.99875390937309
10.35,0.99876310388349
10.362,0.99876748341804
10.363,0.99877195506517
10.375,0.99878112445395
10.387,0.99878568821367
10.388,0.99879011799144
10.4,0.99879899429474
10.412,0.99880370878413
10.413,0.99880845676901
10.425,0.99881734144617
10.437,0.9988216121204
10.438,0.99882600002882
10.45,0.99883515266986
10.462,0.99883934797925
10.463,0.99884350979315
10.475,0.99885204276774
10.487,0.99885651441487
10.488,0.99886097768813
10.5,0.99886951066271
10.512,0.99887361385952
10.513,0.99887797664633
10.525,0.99888604905801
10.537,0.99889017737642
10.538,0.99889443967678
10.55,0.99890230274168
10.562,0.99890649805107
10.563,0.99891020767594
10.575,0.99891869878117
10.587,0.99892271823926
10.588,0.99892659534155
10.6,0.99893465100548
10.612,0.99893849461229
10.613,0.99894230472361
10.625,0.99894963186076
10.637,0.99895342522434
10.638,0.99895730232663
10.65,0.99896496441863
10.662,0.99896869079124
10.663,0.99897240878998
10.675,0.99898022998552
10.687,0.99898381400232
10.688,0.99898743151461
10.7,0.99899498474628
10.712,0.99899861900631
10.713,0.9990023788744
10.725,0.99900974788091
10.737,0.99901323978514
10.738,0.99901664795065
10.75,0.99902368200231
10.762,0.99902719902815
10.763,0.99903050670721
10.775,0.99903679548435
10.787,0.99904011991115
10.788,0.99904337734699
10.8,0.99904995083575
10.812,0.99905356834803
10.813,0.99905686765322
10.825,0.99906336577714
10.837,0.99906671532556
10.838,0.99907032446397
10.85,0.99907672210144
10.862,0.99907966133017
10.863,0.99908263405439
10.875,0.99908883071896
10.887,0.99909213002414
10.888,0.99909540420772
10.9,0.99910170973261
10.912,0.9991048918036
10.913,0.99910800688362
10.925,0.99911377648077
10.937,0.99911693343015
10.938,0.99912001501469
10.95,0.99912620330538
10.962,0.99912927651605
10.963,0.99913223249252
10.975,0.99913792672483
10.987,0.9991409413184
10.988,0.99914369632197
11,0.99914909746879
11.012,0.99915174361203
11.013,0.99915453211109
11.025,0.99916015935242
11.037,0.99916283899115
11.038,0.99916560236859
11.05,0.99917101188928
11.062,0.99917389250092
11.063,0.99917673961707
11.075,0.99918240872776
11.087,0.99918523909617
11.088,0.99918791036103
11.1,0.99919308541333
11.112,0.99919549708818
11.113,0.99919802599724
11.125,0.99920319267566
11.137,0.99920551223794
11.138,0.99920796578215
11.15,0.99921280587961
11.162,0.99921530966705
11.163,0.99921771296804
11.175,0.99922247770065
11.187,0.99922479726293
11.188,0.9992272340594
11.2,0.99923150473363
11.212,0.99923390803461
11.213,0.99923642019592
11.225,0.99924069087015
11.237,0.99924292669372
11.238,0.99924517926503
11.25,0.99924952530409
11.262,0.99925170251056
11.263,0.99925397182961
11.275,0.99925873656223
11.287,0.99926103937676
11.288,0.99926332544356
11.3,0.99926783896004
11.312,0.99926989893232
11.313,0.99927192540911
11.325,0.99927597836269
11.337,0.9992781723169
11.338,0.99928011505498
11.35,0.99928456995437
11.362,0.99928650431858
11.363,0.99928858103859
11.375,0.99929213993378
11.387,0.9992941580367
11.388,0.99929619288736
11.4,0.99930006998965
11.412,0.99930206297096
11.413,0.99930382148387
11.425,0.99930742224842
11.437,0.99930919750908
11.438,0.99931093927425
11.45,0.99931476613332
11.462,0.99931657488946
11.463,0.99931850925367
11.475,0.99932220213079
11.487,0.99932410299952
11.488,0.99932584476469
11.5,0.99932929479956
11.512,0.99933111192957
11.513,0.99933277832991
11.525,0.99933598552251
11.537,0.99933750956704
11.538,0.99933904198544
11.55,0.99934217381321
11.562,0.99934366436225
11.563,0.99934532238872
11.575,0.99934853795519
11.587,0.99935019598166
11.588,0.99935169490457
11.6,0.9993545503946
11.612,0.9993560241959
11.613,0.99935734726752
11.625,0.99936040373045
11.637,0.99936201988756
11.638,0.99936340995015
11.65,0.99936624031856
11.662,0.99936778111083
11.663,0.99936931352923
11.675,0.99937221926248
11.687,0.99937352558636
11.688,0.99937500776153
11.7,0.99937764553091
11.712,0.99937880949898
11.713,0.99938004045802
11.725,0.99938308017321
11.737,0.99938427763677
11.738,0.99938567607323
11.75,0.99938818823454
11.762,0.99938935220261
11.763,0.99939079250843
11.775,0.99939342190393
11.787,0.99939468635846
11.788,0.99939580845718
11.8,0.99939791029881
11.812,0.99939913288398
11.813,0.9994001963656
11.825,0.99940249080626
11.837,0.99940369664369
11.838,0.99940480199467
11.85,0.99940725553888
11.862,0.99940833576825
11.863,0.99940947461471
11.875,0.99941172718601
11.887,0.99941270692893
11.888,0.99941368667184
11.9,0.99941594761702
11.912,0.9994171367067
11.913,0.99941825880542
11.925,0.99942056161995
11.937,0.9994216753448
11.938,0.99942262159223
11.95,0.99942447221773
11.962,0.99942538496967
11.963,0.99942634796484
11.975,0.99942855866679
11.987,0.9994295970268
11.988,0.99943059351745
12,0.99943251950779
12.012,0.99943351599844
12.013,0.99943440362877
12.025,0.99943632961911
12.037,0.99943715863234
12.038,0.99943800439332
12.05,0.99943990526204
12.062,0.99944094362205
12.063,0.99944198198206
12.075,0.99944377399046
12.087,0.99944465324692
12.088,0.99944553250338
12.1,0.99944699793081
12.112,0.99944782694404
12.113,0.99944871457437
12.125,0.99945041447019
12.137,0.99945120161407
12.138,0.99945202225343
12.15,0.9994535630457
12.162,0.99945431669409
12.163,0.99945510383797
12.175,0.9994565692654
12.187,0.99945735640928
12.188,0.99945811005767
12.2,0.9994598350751
12.212,0.99946063059285
12.213,0.99946140098899
12.225,0.99946299202448
12.237,0.999463737299
12.238,0.99946450769514
12.25,0.99946609035676
12.262,0.99946674351871
12.263,0.99946764789678
12.275,0.99946912169808
12.287,0.99946964925195
12.288,0.99947027729228
12.3,0.99947159199003
12.312,0.99947236238617
12.313,0.99947309928682
12.325,0.99947453959264
12.337,0.99947525137168
12.338,0.99947590453362
12.35,0.99947721923137
12.362,0.99947785564557
12.363,0.99947850043364
12.375,0.99947977326203
12.387,0.99948049341494
12.388,0.99948124706334
12.4,0.99948247802238
12.412,0.99948309768883
12.413,0.99948375922465
12.425,0.99948479758465
12.437,0.99948558472853
12.438,0.9994862295166
12.45,0.99948753584048
12.462,0.99948818900242
12.463,0.99948880029501
12.475,0.99948992239373
12.487,0.9994904499476
12.488,0.99949105286632
12.5,0.99949226707762
12.512,0.99949281137923
12.513,0.99949335568085
12.525,0.99949471224796
12.537,0.99949529004506
12.538,0.99949598507635
12.55,0.99949745050379
12.562,0.99949797805766
12.563,0.99949858097638
12.575,0.99949956909316
12.587,0.99950009664703
12.588,0.99950064094865
12.6,0.99950173792576
12.612,0.99950226547963
12.613,0.99950283490286
12.625,0.99950389838448
12.637,0.99950447618158
12.638,0.99950504560481
12.65,0.99950636030257
12.662,0.99950687948257
12.663,0.99950730654999
12.675,0.99950822767581
12.687,0.99950873010807
12.688,0.99950915717549
12.7,0.99951036301292
12.712,0.99951087381905
12.713,0.99951143486841
12.725,0.99951241461132
12.737,0.99951295891294
12.738,0.99951353671004
12.75,0.99951455832231
12.762,0.99951502725909
12.763,0.99951559668232
12.775,0.99951651780813
12.787,0.99951700349265
12.788,0.99951750592491
12.8,0.99951855265879
12.812,0.99951909696041
12.813,0.99951963288815
12.825,0.99952067124816
12.837,0.99952117368042
12.838,0.99952163424333
12.85,0.99952237951785
12.862,0.99952281495915
12.863,0.99952325040044
12.875,0.99952424689109
12.887,0.99952480794045
12.888,0.99952526012949
12.9,0.99952607239498
12.912,0.99952645759305
12.913,0.99952694327757
12.925,0.99952798163757
12.937,0.99952838358338
12.938,0.99952890276339
12.95,0.99952971502888
12.962,0.99953015884404
12.963,0.99953058591147
12.975,0.99953157402825
12.987,0.99953210158212
12.988,0.99953261238826
13,0.99953360050504
13.012,0.99953409456343
13.013,0.99953461374343
13.025,0.99953554324312
13.037,0.99953603730151
13.038,0.99953638063022
13.05,0.99953724313894
13.062,0.99953763671088
13.063,0.99953802190894
13.075,0.99953888441766
13.087,0.99953936172831
13.088,0.99953992277767
13.1,0.99954067642606
13.112,0.99954124584929
13.113,0.9995417650293
13.125,0.99954274477221
13.137,0.99954316346576
13.138,0.99954352354221
13.15,0.99954430231222
13.162,0.99954461214545
13.163,0.99954498896964
13.175,0.99954581798288
13.187,0.99954615293772
13.188,0.99954653813579
13.2,0.99954736714902
13.212,0.99954774397321
13.213,0.99954816266677
13.225,0.9995489330629
13.237,0.99954939362581
13.238,0.99954987093646
13.25,0.99955060783711
13.262,0.9995509846613
13.263,0.99955143685034
13.275,0.99955214862938
13.287,0.99955254220132
13.288,0.99955296926874
13.3,0.99955359730907
13.312,0.99955401600262
13.313,0.99955441794843
13.325,0.99955533070037
13.337,0.99955560703811
13.338,0.99955594199296
13.35,0.99955661190264
13.362,0.99955701384845
13.363,0.99955739904652
13.375,0.99955799359136
13.387,0.99955832017233
13.388,0.99955861325782
13.4,0.99955933341072
13.412,0.99955965999169
13.413,0.99956004518976
13.425,0.99956063136073
13.437,0.9995610165588
13.438,0.9995612761488
13.45,0.99956208004042
13.462,0.99956244849075
13.463,0.99956278344559
13.475,0.99956352872011
13.487,0.99956390554431
13.488,0.99956432423786
13.5,0.99956492715658
13.512,0.99956522861593
13.513,0.99956558031852
13.525,0.99956625860207
13.537,0.99956661030465
13.538,0.99956692851175
13.55,0.99956764029079
13.562,0.99956803386273
13.563,0.9995684190608
13.575,0.99956907222274
13.587,0.99956934856048
13.588,0.99956964164597
13.6,0.99957019432146
13.612,0.99957058789339
13.613,0.99957099821307
13.625,0.99957167649663
13.637,0.99957195283437
13.638,0.99957225429373
13.65,0.99957281534309
13.662,0.99957308330696
13.663,0.99957335127084
13.675,0.99957397093729
13.687,0.99957428914439
13.688,0.99957459897762
13.7,0.99957516840085
13.712,0.99957542799085
13.713,0.99957576294569
13.725,0.99957635749054
13.737,0.99957677618409
13.738,0.99957714463441
13.75,0.99957768893603
13.762,0.99957798202152
13.763,0.99957828348087
13.775,0.9995789115212
13.787,0.99957920460669
13.788,0.9995795479354
13.8,0.99958019272347
13.812,0.99958056954767
13.813,0.99958090450251
13.825,0.99958146555187
13.837,0.99958175863735
13.838,0.99958212708768
13.85,0.99958268813704
13.862,0.9995828723622
13.863,0.99958314869994
13.875,0.99958386047898
13.887,0.99958412844286
13.888,0.99958435453737
13.9,0.99958486534351
13.912,0.99958513330738
13.913,0.99958548500996
13.925,0.99958595394674
13.937,0.99958621353674
13.938,0.9995865149961
13.95,0.9995870341761
13.962,0.99958738587869
13.963,0.99958767896417
13.975,0.99958824001353
13.987,0.99958845773418
13.988,0.99958866708096
14,0.99958928674741
14.012,0.99958966357161
14.013,0.99958991478774
14.025,0.99959036697678
14.037,0.9995905344542
14.038,0.9995907354271
14.05,0.9995913132242
14.062,0.99959156444033
14.063,0.99959185752582
14.075,0.99959235158421
14.087,0.99959255255712
14.088,0.99959291263357
14.1,0.99959361603874
14.112,0.999593858881
14.113,0.99959406822777
14.125,0.99959452041681
14.137,0.99959483025004
14.138,0.99959515683101
14.15,0.99959572625424
14.162,0.99959601096585
14.163,0.99959627055585
14.175,0.99959675624037
14.187,0.99959699908263
14.188,0.99959717493393
14.2,0.9995977611049
14.212,0.99959805419038
14.213,0.99959827191103
14.225,0.99959881621265
14.237,0.99959915116749
14.238,0.9995995531133
14.25,0.99960001367621
14.262,0.99960027326621
14.263,0.99960052448234
14.275,0.99960098504525
14.287,0.99960122788751
14.288,0.99960152934686
14.3,0.99960203177913
14.312,0.999602299743
14.313,0.99960262632397
14.325,0.99960312875623
14.337,0.99960343858946
14.338,0.9996037149272
14.35,0.99960413362075
14.362,0.99960437646301
14.363,0.99960456906205
14.375,0.99960500450334
14.387,0.99960531433657
14.388,0.9996055655527
14.4,0.99960601774174
14.412,0.99960629407948
14.413,0.99960662903432
14.425,0.99960724870078
14.437,0.99960759202949
14.438,0.99960787674111
14.45,0.99960847128595
14.462,0.99960873924982
14.463,0.99960896534434
14.475,0.99960945102886
14.487,0.99960971061886
14.488,0.99960997020887
14.5,0.99961048938887
14.512,0.99961082434371
14.513,0.99961115092468
14.525,0.99961154449662
14.537,0.99961177059114
14.538,0.99961198831178
14.55,0.99961257448276
14.562,0.99961291781147
14.563,0.9996131690276
14.575,0.99961375519857
14.587,0.99961402316245
14.588,0.99961442510826
14.6,0.999614961036
14.612,0.99961517875665
14.613,0.99961541322504
14.625,0.99961594077891
14.637,0.99961615012569
14.638,0.99961635947246
14.65,0.99961691214795
14.662,0.99961713824247
14.663,0.99961736433699
14.675,0.99961791701248
14.687,0.99961830221054
14.688,0.99961861204377
14.7,0.999619181467
14.712,0.99961938243991
14.713,0.99961960016055
14.725,0.99962027007024
14.737,0.99962047104314
14.738,0.9996207138854
14.75,0.99962114095282
14.762,0.99962140054283
14.763,0.99962165175896
14.775,0.99962228817316
14.787,0.99962254776316
14.788,0.99962279060542
14.8,0.9996235191322
14.812,0.99962371173123
14.813,0.99962391270414
14.825,0.99962449050124
14.837,0.99962477521285
14.838,0.9996249929335
14.85,0.99962545349641
14.862,0.99962561259996
14.863,0.99962588056383
14.875,0.99962635787448
14.887,0.99962670120319
14.888,0.99962696916706
14.9,0.99962738786062
14.912,0.9996276809461
14.913,0.99962800752707
14.925,0.99962835085578
14.937,0.99962859369804
14.938,0.99962882816643
14.95,0.99962929710321
14.962,0.99962962368418
14.963,0.9996299083958
14.975,0.99963035221096
14.987,0.99963058667935
14.988,0.99963081277387
15,0.99963133195387
15.012,0.9996316417871
15.013,0.99963185950775
15.025,0.99963241218324
15.037,0.99963273876421
15.038,0.99963307371905
15.05,0.99963365989002
15.062,0.99963391948002
15.063,0.99963415394841
15.075,0.99963461451132
15.087,0.99963492434455
15.088,0.99963515881293
15.1,0.99963562774971
15.112,0.9996359208352
15.113,0.99963617205133
15.125,0.99963674147456
15.137,0.99963706805553
15.138,0.99963736114102
15.15,0.99963781333005
15.162,0.99963802267683
15.163,0.99963824877135
15.175,0.99963874282974
15.187,0.999638985672
15.188,0.99963926200974
15.2,0.99963970582491
15.212,0.99963995704104
15.213,0.99964020825717
15.225,0.99964081117588
15.237,0.99964112938298
15.238,0.99964138059911
15.25,0.99964184116202
15.262,0.99964203376105
15.263,0.9996422514817
15.275,0.99964279578332
15.287,0.99964309724267
15.288,0.99964333171106
15.3,0.99964385926494
15.312,0.99964414397655
15.313,0.99964450405301
15.325,0.99964503998075
15.337,0.99964528282301
15.338,0.99964547542205
15.35,0.99964587736786
15.362,0.99964607834076
15.363,0.99964628768754
15.375,0.99964682361528
15.387,0.99964712507464
15.388,0.99964735116916
15.4,0.99964784522755
15.412,0.99964812993917
15.413,0.99964842302465
15.425,0.99964881659659
15.437,0.99964897570014
15.438,0.99964916829917
15.45,0.9996495953666
15.462,0.99964987170434
15.463,0.99965019828531
15.475,0.99965070071757
15.487,0.99965094355983
15.488,0.99965111103725
15.5,0.99965179769468
15.512,0.99965208240629
15.513,0.9996523419963
15.525,0.99965288629791
15.537,0.99965308727082
15.538,0.99965333011308
15.55,0.99965390791018
15.562,0.99965416750018
15.563,0.9996543935947
15.575,0.99965484578373
15.587,0.9996550300089
15.588,0.99965532309438
15.6,0.99965590926536
15.612,0.99965623584633
15.613,0.99965655405343
15.625,0.99965705648569
15.637,0.99965734957117
15.638,0.99965762590892
15.65,0.9996580948457
15.662,0.99965832931408
15.663,0.99965851353925
15.675,0.99965883174635
15.687,0.99965907458861
15.688,0.99965935092635
15.7,0.99965995384507
15.712,0.99966023018281
15.713,0.99966051489442
15.725,0.99966097545733
15.737,0.99966119317798
15.738,0.99966145276798
15.75,0.99966187146153
15.762,0.99966210592992
15.763,0.99966239064154
15.775,0.99966297681251
15.787,0.99966325315025
15.788,0.99966349599251
15.8,0.99966398167703
15.812,0.99966423289316
15.813,0.99966451760478
15.825,0.99966502003704
15.837,0.99966537173962
15.838,0.99966568994672
15.85,0.99966638497802
15.862,0.99966661944641
15.863,0.99966690415802
15.875,0.99966745683351
15.887,0.99966769967577
15.888,0.99966799276126
15.9,0.99966844495029
15.912,0.9996687045403
15.913,0.99966891388707
15.925,0.99966930745901
15.937,0.99966953355353
15.938,0.99966981826514
15.95,0.99967036256676
15.962,0.9996706389045
15.963,0.99967090686838
15.975,0.99967137580516
15.987,0.99967166889064
15.988,0.99967199547161
16,0.99967249790387
16.012,0.99967278261549
16.013,0.99967303383162
16.025,0.99967354463775
16.037,0.99967382934937
16.038,0.99967410568711
16.05,0.99967460811937
16.062,0.99967482584002
16.063,0.99967506868228
16.075,0.99967564647938
16.087,0.99967598980809
16.088,0.99967632476294
16.1,0.99967683556907
16.112,0.99967712865456
16.113,0.99967737149682
16.125,0.99967789905069
16.137,0.99967812514521
16.138,0.99967833449198
16.15,0.99967878668102
16.162,0.99967908814038
16.163,0.9996794565907
16.175,0.99967995064909
16.187,0.99968015999587
16.188,0.99968040283813
16.2,0.99968086340104
16.212,0.99968113973878
16.213,0.99968144119814
16.225,0.99968213622943
16.237,0.9996823204546
16.238,0.9996825800446
16.25,0.99968308247686
16.262,0.99968335044073
16.263,0.99968359328299
16.275,0.99968414595848
16.287,0.99968444741784
16.288,0.99968469863397
16.3,0.99968516757075
16.312,0.99968540203914
16.313,0.9996856448814
16.325,0.99968612219205
16.337,0.99968639015592
16.338,0.99968656600721
16.35,0.99968709356109
16.362,0.99968732802947
16.363,0.99968752900238
16.375,0.99968814029496
16.387,0.99968834964174
16.388,0.999688592484
16.4,0.99968920377659
16.412,0.99968942149723
16.413,0.99968964759175
16.425,0.99969017514563
16.437,0.99969040961401
16.438,0.99969065245627
16.45,0.99969113814079
16.462,0.99969136423531
16.463,0.99969168244241
16.475,0.999692293735
16.487,0.99969256169887
16.488,0.99969277941952
16.5,0.99969329859952
16.512,0.9996935079463
16.513,0.99969372566694
16.525,0.99969421135146
16.537,0.99969446256759
16.538,0.99969473053147
16.55,0.99969524971147
16.562,0.99969558466631
16.563,0.99969590287341
16.575,0.99969653091374
16.587,0.99969684912084
16.588,0.99969708358923
16.6,0.99969764463859
16.612,0.99969789585472
16.613,0.99969813869698
16.625,0.99969853226892
16.637,0.99969881698053
16.638,0.99969917705699
16.65,0.99969972973248
16.662,0.99969998094861
16.663,0.99970030752958
16.675,0.99970091044829
16.687,0.99970119515991
16.688,0.99970147987152
16.7,0.99970184832185
16.712,0.99970212465959
16.713,0.99970244286669
16.725,0.99970302066379
16.737,0.99970334724476
16.738,0.99970366545186
16.75,0.99970420137961
16.762,0.99970455308219
16.763,0.99970485454155
16.775,0.99970529835671
16.787,0.99970559981607
16.788,0.99970585940607
16.8,0.99970631996898
16.812,0.99970656281124
16.813,0.99970685589672
16.825,0.99970733320737
16.837,0.99970765978834
16.838,0.99970787750899
16.85,0.99970841343674
16.862,0.99970863115738
16.863,0.99970878188706
16.875,0.99970932618868
16.887,0.99970953553546
16.888,0.9997097532561
16.9,0.99971022219288
16.912,0.99971056552159
16.913,0.99971090047643
16.925,0.99971136103934
16.937,0.99971165412483
16.938,0.99971191371483
16.95,0.9997125585029
16.962,0.99971278459742
16.963,0.99971300231806
16.975,0.99971356336742
16.987,0.99971373921871
16.988,0.99971402393033
17,0.99971444262388
17.012,0.99971469384001
17.013,0.99971496180389
17.025,0.99971552285324
17.037,0.99971571545228
17.038,0.99971591642518
17.05,0.99971643560519
17.062,0.99971672869067
17.063,0.99971700502842
17.075,0.99971754095616
17.087,0.99971777542455
17.088,0.99971807688391
17.1,0.99971869655037
17.112,0.99971891427101
17.113,0.9997192073565
17.125,0.99971967629328
17.137,0.99971988564005
17.138,0.99972011173457
17.15,0.99972063928845
17.162,0.99972089887845
17.163,0.99972117521619
17.175,0.99972161065749
17.187,0.99972193723846
17.188,0.99972219682846
17.2,0.99972275787782
17.212,0.99972298397234
17.213,0.99972325193621
17.225,0.9997237459946
17.237,0.99972398883686
17.238,0.99972417306202
17.25,0.99972468386816
17.262,0.99972494345816
17.263,0.9997251611788
17.275,0.99972572222816
17.287,0.99972599019204
17.288,0.99972625815591
17.3,0.99972678570978
17.312,0.99972702017817
17.313,0.99972732163753
17.325,0.99972782406979
17.337,0.99972808365979
17.338,0.99972832650205
17.35,0.99972890429916
17.362,0.99972916388916
17.363,0.99972938160981
17.375,0.99972990916368
17.387,0.99973005989336
17.388,0.99973023574465
17.4,0.99973073817691
17.412,0.9997309140282
17.413,0.99973114849659
17.425,0.99973158393789
17.437,0.99973176816305
17.438,0.99973204450079
17.45,0.99973251343757
17.462,0.99973273953209
17.463,0.99973296562661
17.475,0.99973346805887
17.487,0.99973374439661
17.488,0.99973402910823
17.5,0.9997346738963
17.512,0.99973498372953
17.513,0.9997351930763
17.525,0.99973587973373
17.537,0.99973615607147
17.538,0.99973643240922
17.55,0.9997368427289
17.562,0.99973708557116
17.563,0.99973733678729
17.575,0.99973784759342
17.587,0.99973813230504
17.588,0.99973850912923
17.6,0.99973900318762
17.612,0.99973924602988
17.613,0.99973950561988
17.625,0.99973998293053
17.637,0.9997403095115
17.638,0.99974052723215
17.65,0.9997410631599
17.662,0.99974122226345
17.663,0.99974140648861
17.675,0.99974189217313
17.687,0.99974215176313
17.688,0.99974243647475
17.7,0.99974303939346
17.712,0.99974332410508
17.713,0.99974362556443
17.725,0.99974411124895
17.737,0.99974429547412
17.738,0.99974449644702
17.75,0.99974503237477
17.762,0.99974526684316
17.763,0.9997455431809
17.775,0.999746120978
17.787,0.99974645593284
17.788,0.99974674901833
17.8,0.99974714259027
17.812,0.99974744404962
17.813,0.99974766177027
17.825,0.99974823956737
17.837,0.99974848240963
17.838,0.99974874199964
17.85,0.99974921093641
17.862,0.9997494454048
17.863,0.99974973011642
17.875,0.99975031628739
17.887,0.99975059262513
17.888,0.99975089408449
17.9,0.99975154724643
17.912,0.99975180683643
17.913,0.99975210829579
17.925,0.99975271958838
17.937,0.99975294568289
17.938,0.99975323039451
17.95,0.99975363234032
17.962,0.9997539254258
17.963,0.99975426875452
17.975,0.99975491354259
17.987,0.99975518988033
17.988,0.99975543272259
18,0.99975601889356
18.012,0.99975622824034
18.013,0.99975655482131
18.025,0.9997571074968
18.037,0.99975739220841
18.038,0.99975770204164
18.05,0.99975833008197
18.062,0.99975856455036
18.063,0.99975885763584
18.075,0.99975951079778
18.087,0.99975986250037
18.088,0.99976014721198
18.1,0.99976085061715
18.112,0.99976117719812
18.113,0.99976144516199
18.125,0.99976191409877
18.137,0.99976230767071
18.138,0.99976264262555
18.15,0.9997631785533
18.162,0.99976348001265
18.163,0.99976384846298
18.175,0.99976445975557
18.187,0.99976475284105
18.188,0.99976507942202
18.2,0.9997656069759
18.212,0.99976590006138
18.213,0.99976616802526
18.225,0.99976672070074
18.237,0.99976707240333
18.238,0.99976732361946
18.25,0.99976780093011
18.262,0.99976813588495
18.263,0.9997684959614
18.275,0.99976915749722
18.287,0.99976947570431
18.288,0.99976983578077
18.3,0.99977041357787
18.312,0.99977071503723
18.313,0.99977106673981
18.325,0.99977163616304
18.337,0.99977197949175
18.338,0.99977239818531
18.35,0.99977314345983
18.362,0.99977345329306
18.363,0.9997737882479
18.375,0.99977431580177
18.387,0.99977457539177
18.388,0.99977477636468
18.4,0.99977527879694
18.412,0.99977560537791
18.413,0.99977586496791
18.425,0.99977651812985
18.437,0.99977691170179
18.438,0.99977728852599
18.45,0.9997778914447
18.462,0.99977815940858
18.463,0.99977849436342
18.475,0.99977918939471
18.487,0.99977946573246
18.488,0.99977975044407
18.5,0.99978044547537
18.512,0.9997807553086
18.513,0.9997810735157
18.525,0.99978186903344
18.537,0.99978222073603
18.538,0.99978258081248
18.55,0.99978346006894
18.562,0.9997837029112
18.563,0.99978397924894
18.575,0.99978456541992
18.587,0.99978496736573
18.588,0.99978526045121
18.6,0.9997859303609
18.612,0.99978627368961
18.613,0.99978661701832
18.625,0.99978738741446
18.637,0.99978788984672
18.638,0.99978826667091
18.65,0.99978891983285
18.662,0.99978917942286
18.663,0.9997895143777
18.675,0.9997901507919
18.687,0.99979049412061
18.688,0.99979081232771
18.7,0.99979142362029
18.712,0.99979174182739
18.713,0.99979205166062
18.725,0.99979262945772
18.737,0.99979296441256
18.738,0.99979327424579
18.75,0.99979402789419
18.762,0.99979440471838
18.763,0.99979485690742
18.775,0.99979547657387
18.787,0.99979569429452
18.788,0.99979601250162
18.8,0.9997966824113
18.812,0.99979703411389
18.813,0.99979741931195
18.825,0.99979811434325
18.837,0.99979852466293
18.838,0.99979875075745
18.85,0.99979941229326
18.862,0.99979973050036
18.863,0.99980009057681
18.875,0.99980074373875
18.887,0.99980113731069
18.888,0.99980141364844
18.9,0.99980192445457
18.912,0.99980225103554
18.913,0.99980261111199
18.925,0.99980328939555
18.937,0.999803649472
18.938,0.9998040849133
18.95,0.99980480506621
18.962,0.99980510652556
18.963,0.99980546660202
18.975,0.9998061951288
18.987,0.99980643797106
18.988,0.99980667243945
19,0.99980726698429
19.012,0.99980761868687
19.013,0.99980801225881
19.025,0.99980871566398
19.037,0.99980905899269
19.038,0.99980939394753
19.05,0.9998100973527
19.062,0.99981049929851
19.063,0.99981082587948
19.075,0.99981137855497
19.087,0.99981163814497
19.088,0.9998118893611
19.1,0.99981247553207
19.112,0.99981274349595
19.113,0.9998130449553
19.125,0.99981353901369
19.137,0.99981389071628
19.138,0.99981430103596
19.15,0.9998149541979
19.162,0.9998151551708
19.163,0.99981533939597
19.175,0.99981575808952
19.187,0.99981603442726
19.188,0.99981629401726
19.2,0.99981698067469
19.212,0.9998173240034
19.213,0.99981761708889
19.225,0.99981821163373
19.237,0.99981848797147
19.238,0.99981870569212
19.25,0.99981938397567
19.262,0.99981972730439
19.263,0.99982002038987
19.275,0.99982071542117
19.287,0.99982093314182
19.288,0.99982132671375
19.3,0.9998219212586
19.312,0.99982222271796
19.313,0.99982251580344
19.325,0.9998230182357
19.337,0.99982336993829
19.338,0.9998236546499
19.35,0.9998242910641
19.362,0.99982459252346
19.363,0.99982486048733
19.375,0.99982542153669
19.387,0.99982570624831
19.388,0.99982590722121
19.4,0.99982656875702
19.412,0.99982682834702
19.413,0.99982710468477
19.425,0.99982760711703
19.437,0.99982791695026
19.438,0.99982820166187
19.45,0.99982883807607
19.462,0.9998291479093
19.463,0.99982951635963
19.475,0.9998299852964
19.487,0.99983021976479
19.488,0.99983042911157
19.5,0.99983092316996
19.512,0.99983122462932
19.513,0.99983147584545
19.525,0.99983217925061
19.537,0.99983253932707
19.538,0.99983289102965
19.55,0.9998334855745
19.562,0.99983372004288
19.563,0.9998339461374
19.575,0.99983446531741
19.587,0.99983472490741
19.588,0.9998349593758
19.6,0.99983549530354
19.612,0.99983571302419
19.613,0.99983596424032
19.625,0.99983654203742
19.637,0.99983678487968
19.638,0.99983699422646
19.65,0.9998375301542
19.662,0.99983777299646
19.663,0.99983804933421
19.675,0.99983861038357
19.687,0.99983899558164
19.688,0.99983930541486
19.7,0.99983985809035
19.712,0.99984009255874
19.713,0.99984030190552
19.725,0.99984072059907
19.737,0.9998409718152
19.738,0.99984123977907
19.75,0.99984187619327
19.762,0.9998421860265
19.763,0.99984246236424
19.775,0.99984305690909
19.787,0.99984326625586
19.788,0.99984349235038
19.8,0.99984394453942
19.812,0.99984419575555
19.813,0.99984443022394
19.825,0.99984497452555
19.837,0.99984526761104
19.838,0.99984557744427
19.85,0.9998460882504
19.862,0.99984633946653
19.863,0.99984667442137
19.875,0.99984729408783
19.887,0.99984754530396
19.888,0.99984774627687
19.9,0.99984829057848
19.912,0.9998484580559
19.913,0.99984874276752
19.925,0.99984929544301
19.937,0.99984958852849
19.938,0.99984981462301
19.95,0.99985041754173
19.962,0.99985073574882
19.963,0.99985107070367
19.975,0.9998516401269
19.987,0.9998518410998
19.988,0.99985211743755
20,0.99985258637432
20.012,0.99985292970304
20.013,0.99985324791014
20.025,0.99985376709014
20.037,0.99985404342788
20.038,0.99985434488724
20.05,0.99985478870241
20.062,0.99985509016176
20.063,0.99985530788241
20.075,0.99985576844532
20.087,0.99985607827854
20.088,0.99985642998113
20.1,0.99985689054403
20.112,0.99985710826468
20.113,0.99985732598533
20.125,0.99985782841759
20.137,0.99985806288598
20.138,0.99985829735437
20.15,0.99985864905695
20.162,0.9998588667776
20.163,0.99985908449825
20.175,0.99985972091244
20.187,0.99985994700696
20.188,0.99986011448438
20.2,0.99986076764632
20.212,0.99986095187149
20.213,0.99986116959213
20.225,0.99986169714601
20.237,0.99986189811891
20.238,0.99986208234408
20.25,0.99986257640247
20.262,0.99986285274021
20.263,0.99986313745183
20.275,0.99986373199667
20.287,0.99986400833441
20.288,0.99986425955054
20.3,0.99986480385216
20.312,0.99986497132958
20.313,0.99986528116281
20.325,0.99986588408152
20.337,0.99986604318507
20.338,0.9998662106625
20.35,0.9998667298425
20.362,0.99986693918928
20.363,0.99986719040541
20.375,0.99986764259444
20.387,0.99986791055832
20.388,0.9998682036438
20.4,0.99986853022477
20.412,0.99986881493639
20.413,0.99986910802187
20.425,0.99986965232349
20.437,0.99986988679188
20.438,0.99987010451253
20.45,0.99987050645834
20.462,0.99987073255285
20.463,0.99987096702124
20.475,0.99987148620125
20.487,0.99987168717415
20.488,0.99987191326867
20.5,0.99987238220545
20.512,0.99987263342158
20.513,0.99987284276835
20.525,0.99987342893933
20.537,0.99987371365094
20.538,0.99987393137159
20.55,0.99987438356062
20.562,0.99987455941192
20.563,0.99987471014159
20.575,0.99987507859192
20.587,0.99987524606934
20.588,0.99987549728547
20.6,0.99987595784838
20.612,0.99987614207354
20.613,0.99987642678516
20.625,0.99987690409581
20.637,0.99987708832097
20.638,0.99987728929387
20.65,0.99987770798742
20.662,0.9998779759513
20.663,0.99987821879356
20.675,0.99987866260872
20.687,0.99987889707711
20.688,0.99987910642389
20.7,0.99987952511744
20.712,0.99987975121196
20.713,0.9998799689326
20.725,0.99988051323422
20.737,0.99988071420713
20.738,0.99988088168455
20.75,0.9998813589952
20.762,0.99988162695907
20.763,0.99988183630584
20.775,0.99988224662552
20.787,0.99988243085069
20.788,0.99988263182359
20.8,0.99988291653521
20.812,0.99988307563876
20.813,0.99988326823779
20.825,0.99988377067005
20.837,0.99988408887715
20.838,0.9998843065978
20.85,0.99988476716071
20.862,0.99988492626426
20.863,0.9998851439849
20.875,0.99988547056587
20.887,0.99988564641716
20.888,0.99988585576394
20.9,0.99988621584039
20.912,0.9998863581962
20.913,0.99988653404749
20.925,0.99988696948879
20.937,0.99988722070492
20.938,0.99988748866879
20.95,0.99988790736234
20.962,0.99988799947492
20.963,0.9998881502046
20.975,0.99988863588912
20.987,0.99988879499267
20.988,0.99988888710525
21,0.99988920531235
21.012,0.99988938953752
21.013,0.99988952351945
21.025,0.99989003432559
21.037,0.99989025204623
21.038,0.99989046139301
21.05,0.99989088846043
21.062,0.99989104756398
21.063,0.99989126528463
21.075,0.99989161698721
21.087,0.99989183470786
21.088,0.99989206917625
21.1,0.9998924292527
21.112,0.99989255486077
21.113,0.99989273071206
21.125,0.9998930656669
21.137,0.99989324989206
21.138,0.99989343411723
21.15,0.99989386118465
21.162,0.99989410402691
21.163,0.9998943384953
21.175,0.99989463158078
21.187,0.9998948576753
21.188,0.99989504190046
21.2,0.99989545222014
21.212,0.9998956950624
21.213,0.99989586253983
21.225,0.99989617237305
21.237,0.99989632310273
21.238,0.99989646545854
21.25,0.99989681716112
21.262,0.99989695114306
21.263,0.99989711862048
21.275,0.99989763780048
21.287,0.9998979225121
21.288,0.999898123485
21.3,0.99989843331823
21.312,0.9998986175434
21.313,0.99989877664695
21.325,0.99989906135856
21.337,0.99989921208824
21.338,0.99989936281792
21.35,0.99989973126824
21.362,0.99989985687631
21.363,0.99990007459696
21.375,0.99990046816889
21.387,0.99990063564631
21.388,0.99990083661922
21.4,0.99990117994793
21.412,0.99990132230374
21.413,0.99990145628568
21.425,0.99990178286665
21.437,0.99990199221342
21.438,0.9999021429431
21.45,0.99990239415923
21.462,0.99990254488891
21.463,0.9999027207402
21.475,0.99990313943375
21.487,0.99990332365892
21.488,0.99990343251924
21.5,0.99990379259569
21.512,0.99990396007311
21.513,0.99990412755054
21.525,0.99990435364505
21.537,0.99990452949635
21.538,0.9999046299828
21.55,0.99990495656377
21.562,0.9999050905457
21.563,0.99990525802313
21.575,0.99990548411764
21.587,0.99990560972571
21.588,0.99990576045539
21.6,0.99990598654991
21.612,0.99990617914894
21.613,0.99990638012184
21.625,0.99990670670281
21.637,0.99990688255411
21.638,0.99990705003153
21.65,0.99990733474314
21.662,0.99990750222056
21.663,0.99990766969798
21.675,0.9999079544096
21.687,0.99990807164379
21.688,0.99990820562573
21.7,0.99990849871122
21.712,0.99990877504896
21.713,0.99990897602186
21.725,0.99990928585509
21.737,0.9999094282109
21.738,0.99990957056671
21.75,0.99990996413865
21.762,0.99991008974671
21.763,0.99991021535478
21.775,0.99991036608446
21.787,0.99991048331865
21.788,0.99991063404833
21.8,0.99991094388156
21.812,0.99991105274188
21.813,0.99991117834995
21.825,0.99991142119221
21.837,0.9999115384264
21.838,0.99991170590382
21.85,0.9999119152506
21.862,0.99991204923253
21.863,0.99991224183157
21.875,0.99991250979544
21.887,0.99991261865576
21.888,0.9999127526377
21.9,0.99991304572319
21.912,0.99991319645287
21.913,0.99991339742577
21.925,0.99991368213739
21.937,0.99991378262384
21.938,0.99991392497965
21.95,0.99991424318674
21.962,0.99991440229029
21.963,0.9999145446461
21.975,0.99991475399288
21.987,0.99991495496578
21.988,0.99991509732159
22,0.99991536528546
22.012,0.99991551601514
22.013,0.99991566674482
22.025,0.99991602682127
22.037,0.99991616080321
22.038,0.99991627803741
22.05,0.99991650413192
22.062,0.99991667998322
22.063,0.99991680559128
22.075,0.99991708192902
22.087,0.99991720753709
22.088,0.99991730802354
22.1,0.99991746712709
22.112,0.9999175508658
22.113,0.99991769322161
22.125,0.99991791094226
22.137,0.99991808679355
22.138,0.9999183045142
22.15,0.99991858085194
22.162,0.99991872320775
22.163,0.99991886556355
22.175,0.99991910003194
22.187,0.99991921726614
22.188,0.99991930100485
22.2,0.99991958571646
22.212,0.99991972807227
22.213,0.99991985368034
22.225,0.99992010489647
22.237,0.99992024725228
22.238,0.99992040635583
22.25,0.99992063245034
22.262,0.99992071618905
22.263,0.99992077480615
22.275,0.99992102602228
22.287,0.99992117675196
22.288,0.99992130236003
22.3,0.99992147821132
22.312,0.99992157869777
22.313,0.99992168755809
22.325,0.99992204763455
22.337,0.99992217324261
22.338,0.99992226535519
22.35,0.99992255006681
22.362,0.99992267567488
22.363,0.9999227845352
22.375,0.99992295201262
22.387,0.99992306924681
22.388,0.99992318648101
22.4,0.99992343769714
22.412,0.9999235633052
22.413,0.99992366379166
22.425,0.99992386476456
22.437,0.99992393175553
22.438,0.99992401549424
22.45,0.99992421646715
22.462,0.9999243169536
22.463,0.99992441744005
22.475,0.99992467703005
22.487,0.99992475239489
22.488,0.99992480263812
22.5,0.99992499523715
22.512,0.99992510409747
22.513,0.99992519621006
22.525,0.99992539718296
22.537,0.99992555628651
22.538,0.99992566514683
22.55,0.99992595823232
22.562,0.99992606709264
22.563,0.99992617595297
22.575,0.999926368552
22.587,0.9999264857862
22.588,0.99992656952491
22.6,0.9999267453762
22.612,0.99992679561942
22.613,0.99992691285362
22.625,0.99992707195717
22.637,0.99992717244362
22.638,0.99992725618233
22.65,0.99992751577233
22.662,0.99992760788491
22.663,0.99992775861459
22.675,0.99992792609201
22.687,0.99992800145685
22.688,0.99992809356943
22.7,0.9999282777946
22.712,0.99992836990718
22.713,0.99992843689815
22.725,0.99992862112331
22.737,0.99992875510525
22.738,0.99992888071331
22.75,0.9999291737988
22.762,0.99992927428525
22.763,0.99992934965009
22.775,0.99992951712751
22.787,0.99992965110945
22.788,0.99992973484816
22.8,0.99992990232558
22.812,0.99992999443816
22.813,0.9999301284201
22.825,0.99993029589752
22.837,0.99993042150558
22.838,0.99993048849655
22.85,0.9999306476001
22.862,0.99993073971268
22.863,0.99993080670365
22.875,0.99993103279817
22.887,0.99993105791978
22.888,0.99993115840623
22.9,0.99993130913591
22.912,0.99993137612688
22.913,0.99993145149172
22.925,0.99993159384753
22.937,0.99993166083849
22.938,0.99993172782946
22.95,0.99993187855914
22.962,0.99993197067172
22.963,0.9999320627843
22.975,0.99993217164463
22.987,0.99993223026172
22.988,0.99993227213108
23,0.99993237261753
23.012,0.99993243123463
23.013,0.99993252334721
23.025,0.99993269082463
23.037,0.99993283318044
23.038,0.99993290854528
23.05,0.99993306764883
23.062,0.99993319325689
23.063,0.99993331049109
23.075,0.9999334528469
23.087,0.99993350309012
23.088,0.99993357845496
23.1,0.99993372081077
23.112,0.99993374593238
23.113,0.99993380454948
23.125,0.9999339134098
23.137,0.9999339720269
23.138,0.99993408088722
23.15,0.99993427348626
23.162,0.99993436559884
23.163,0.99993446608529
23.175,0.99993458331949
23.187,0.99993465031045
23.188,0.99993474242303
23.2,0.99993485965723
23.212,0.99993494339594
23.213,0.99993502713465
23.225,0.99993516111659
23.237,0.99993521135981
23.238,0.99993526160304
23.25,0.9999354458282
23.262,0.99993558818401
23.263,0.99993568029659
23.275,0.99993578078304
23.287,0.99993585614788
23.288,0.99993590639111
23.3,0.99993599012982
23.312,0.99993604037304
23.313,0.99993613248563
23.325,0.9999362832153
23.337,0.99993636695402
23.338,0.99993643394498
23.35,0.99993653443144
23.362,0.99993657630079
23.363,0.99993664329176
23.375,0.99993676052595
23.387,0.99993683589079
23.388,0.99993690288176
23.4,0.9999370368637
23.412,0.9999370954808
23.413,0.99993719596725
23.425,0.99993737181854
23.437,0.9999374974266
23.438,0.99993759791306
23.45,0.99993777376435
23.462,0.99993784075532
23.463,0.99993794961564
23.475,0.99993805010209
23.487,0.99993807522371
23.488,0.99993810871919
23.5,0.99993826782274
23.512,0.99993836830919
23.513,0.99993841017855
23.525,0.99993859440371
23.537,0.99993868651629
23.538,0.99993874513339
23.55,0.99993890423694
23.562,0.99993896285404
23.563,0.99993902147113
23.575,0.99993910520984
23.587,0.99993917220081
23.588,0.99993923919178
23.6,0.99993938992146
23.612,0.99993944016468
23.613,0.99993949040791
23.625,0.99993960764211
23.637,0.9999396662592
23.638,0.99993973325017
23.65,0.99993989235372
23.662,0.99993994259695
23.663,0.99994000121404
23.675,0.9999401017005
23.687,0.99994015194372
23.688,0.99994021893469
23.7,0.99994038641211
23.712,0.99994042828147
23.713,0.99994047015082
23.725,0.99994059575889
23.737,0.99994066274986
23.738,0.99994074648857
23.75,0.99994085534889
23.762,0.99994093071373
23.763,0.9999409977047
23.775,0.99994108981728
23.787,0.99994114843438
23.788,0.99994120705147
23.8,0.9999413159118
23.812,0.99994141639825
23.813,0.99994150013696
23.825,0.99994160899728
23.837,0.99994164249277
23.838,0.99994168436212
23.85,0.99994185183954
23.862,0.99994187696116
23.863,0.99994191883051
23.875,0.99994200256922
23.887,0.99994206118632
23.888,0.99994212817729
23.9,0.99994227890696
23.912,0.99994232915019
23.913,0.99994237101955
23.925,0.99994253849697
23.937,0.99994260548794
23.938,0.9999426724789
23.95,0.99994276459148
23.962,0.9999428483302
23.963,0.99994292369503
23.975,0.99994304092923
23.987,0.9999431079202
23.988,0.99994313304181
24,0.99994323352826
24.012,0.99994330051923
24.013,0.99994335913633
24.025,0.9999434261273
24.037,0.99994347637052
24.038,0.99994352661375
24.05,0.99994365222181
24.062,0.9999437443344
24.063,0.99994380295149
24.075,0.9999438866902
24.087,0.99994392855956
24.088,0.99994397042891
24.1,0.9999440625415
24.112,0.99994412115859
24.113,0.99994418814956
24.125,0.99994435562698
24.137,0.99994439749634
24.138,0.99994443936569
24.15,0.99994456497376
24.162,0.99994462359085
24.163,0.99994469058182
24.175,0.99994487480699
24.187,0.99994495017182
24.188,0.99994498366731
24.2,0.99994514277086
24.212,0.99994516789247
24.213,0.99994520138796
24.225,0.99994539398699
24.237,0.99994544423022
24.238,0.99994551122118
24.25,0.99994562845538
24.262,0.99994569544635
24.263,0.99994574568957
24.275,0.99994584617603
24.287,0.99994589641925
24.288,0.99994592154086
24.3,0.99994603040119
24.312,0.99994608901829
24.313,0.99994615600925
24.325,0.99994622300022
24.337,0.99994633186055
24.338,0.99994639885151
24.35,0.99994652445958
24.362,0.99994656632893
24.363,0.99994659982442
24.375,0.99994668356313
24.387,0.99994675892797
24.388,0.99994680917119
24.4,0.99994691803152
24.412,0.99994697664861
24.413,0.99994704363958
24.425,0.99994714412604
24.437,0.99994719436926
24.438,0.9999472697341
24.45,0.99994737859442
24.462,0.99994742046378
24.463,0.99994743721152
24.475,0.99994752095023
24.487,0.99994757956733
24.488,0.9999476465583
24.5,0.99994775541862
24.512,0.99994783915733
24.513,0.99994789777443
24.525,0.99994801500862
24.537,0.99994808199959
24.538,0.9999481657383
24.55,0.99994829134637
24.562,0.99994838345895
24.563,0.99994845882379
24.575,0.99994860955347
24.587,0.99994867654443
24.588,0.99994872678766
24.6,0.99994881052637
24.612,0.99994886914347
24.613,0.99994893613444
24.625,0.9999490617425
24.637,0.99994908686412
24.638,0.99994912873347
24.65,0.99994927946315
24.662,0.99994933808025
24.663,0.99994937157573
24.675,0.99994944694057
24.687,0.99994952230541
24.688,0.99994960604412
24.7,0.99994971490444
24.712,0.99994978189541
24.713,0.99994986563412
24.725,0.99995004148541
24.737,0.99995011685025
24.738,0.99995017546735
24.75,0.99995030107542
24.762,0.99995031782316
24.763,0.99995037644025
24.775,0.99995048530058
24.787,0.99995051042219
24.788,0.99995057741316
24.8,0.999950652778
24.812,0.99995070302122
24.813,0.99995077001219
24.825,0.99995084537703
24.837,0.99995092074187
24.838,0.99995097935897
24.85,0.99995107984542
24.862,0.999951171958
24.863,0.99995122220123
24.875,0.99995133106155
24.887,0.99995133943542
24.888,0.99995135618317
24.9,0.99995140642639
24.912,0.99995143992188
24.913,0.99995145666962
24.925,0.99995154040833
24.937,0.99995163252091
24.938,0.9999517497551
24.95,0.9999519256064
24.962,0.99995197584962
24.963,0.99995204284059
24.975,0.99995215170091
24.988,0.9999521851964
25,0.99995231917833
25.012,0.99995236942156
25.013,0.99995242803866
25.025,0.99995249502963
25.037,0.99995253689898
25.038,0.99995258714221
25.05,0.9999526457593
25.062,0.99995268762866
25.063,0.99995269600253
25.075,0.99995282998447
25.087,0.99995287185382
25.088,0.99995290534931
25.1,0.99995297234027
25.112,0.9999530225835
25.113,0.99995304770511
25.125,0.9999531398177
25.137,0.99995318168705
25.138,0.99995325705189
25.15,0.99995335753834
25.162,0.9999533994077
25.163,0.99995344965092
25.175,0.99995356688512
25.187,0.99995360875447
25.188,0.99995369249318
25.2,0.99995383484899
25.212,0.99995387671835
25.213,0.9999539185877
25.225,0.99995401070028
25.237,0.9999540358219
25.238,0.99995406931738
25.25,0.99995415305609
25.262,0.99995420329932
25.263,0.9999542367948
25.275,0.99995434565512
25.287,0.99995438752448
25.288,0.99995442939383
25.3,0.9999545550019
25.312,0.99995458849738
25.313,0.99995460524513
25.325,0.99995469735771
25.337,0.99995472247932
25.338,0.99995476434868
25.35,0.99995482296577
25.362,0.99995486483513
25.363,0.99995492345223
25.375,0.99995504906029
25.387,0.99995506580803
25.388,0.99995511605126
25.4,0.99995518304223
25.412,0.9999552500332
25.413,0.99995530027642
25.425,0.99995535889352
25.437,0.99995541751062
25.438,0.99995548450159
25.45,0.99995561010965
25.462,0.99995566872675
25.463,0.99995569384836
25.475,0.99995576083933
25.487,0.9999557692132
25.488,0.99995578596094
25.5,0.99995591156901
25.512,0.99995597018611
25.513,0.99995601205546
25.525,0.9999560874203
25.537,0.99995613766353
25.538,0.99995617953288
25.55,0.99995621302837
25.562,0.9999562883932
25.563,0.99995633026256
25.575,0.99995642237514
25.587,0.9999564642445
25.588,0.99995652286159
25.6,0.99995658147869
25.612,0.99995661497417
25.625,0.99995668196514
25.637,0.99995674895611
25.638,0.99995683269482
25.65,0.99995689968579
25.662,0.9999569248074
25.663,0.99995695830289
25.675,0.99995709228482
25.687,0.99995710065869
25.688,0.99995712578031
25.7,0.9999571843974
25.712,0.99995720951902
25.713,0.99995725138837
25.725,0.99995729325773
25.737,0.99995734350095
25.738,0.99995738537031
25.75,0.99995744398741
25.762,0.99995747748289
25.763,0.99995752772612
25.775,0.99995763658644
25.787,0.99995770357741
25.788,0.99995774544676
25.8,0.99995779568999
25.812,0.99995783755935
25.813,0.99995784593322
25.825,0.99995792129806
25.837,0.99995797154128
25.838,0.99995802178451
25.85,0.99995812227096
25.862,0.99995814739257
25.863,0.99995818088806
25.875,0.99995823950516
25.887,0.9999582562529
25.888,0.99995830649612
25.9,0.99995839023483
25.912,0.99995840698258
25.913,0.99995842373032
25.925,0.99995852421677
25.937,0.99995854933838
25.938,0.99995862470322
25.95,0.99995867494645
25.962,0.99995868332032
25.963,0.99995870006806
25.975,0.99995876705903
25.987,0.99995878380677
25.988,0.99995883405
26,0.99995892616258
26.012,0.99995898477968
26.013,0.99995901827516
26.025,0.99995910201387
26.037,0.9999591522571
26.038,0.99995916900484
26.05,0.99995926111742
26.062,0.99995929461291
26.063,0.99995933648226
26.075,0.99995942022097
26.087,0.9999594704642
26.088,0.99995949558581
26.1,0.99995962119388
26.112,0.99995966306323
26.113,0.99995973842807
26.125,0.99995983891452
26.137,0.99995989753162
26.138,0.9999599310271
26.15,0.99995999801807
26.162,0.99996002313969
26.163,0.99996005663517
26.175,0.99996013200001
26.187,0.99996017386936
26.188,0.99996024086033
26.2,0.9999603078513
26.212,0.99996035809453
26.213,0.99996040833775
26.225,0.99996050882421
26.237,0.99996055069356
26.238,0.99996058418904
26.25,0.99996064280614
26.262,0.99996067630163
26.263,0.99996070979711
26.275,0.99996079353582
26.287,0.99996085215292
26.288,0.99996086890066
26.3,0.99996095263937
26.312,0.99996099450873
26.313,0.99996101963034
26.325,0.99996107824744
26.337,0.99996111174292
26.338,0.99996116198615
26.35,0.9999612624726
26.362,0.99996133783744
26.363,0.99996139645453
26.375,0.99996148019325
26.387,0.99996151368873
26.388,0.99996154718421
26.4,0.99996165604454
26.412,0.99996169791389
26.413,0.99996176490486
26.425,0.99996179002647
26.437,0.99996182352196
26.438,0.99996186539131
26.45,0.99996193238228
26.462,0.99996196587777
26.463,0.99996201612099
26.475,0.99996211660744
26.487,0.99996217522454
26.488,0.99996223384164
26.5,0.99996230920648
26.525,0.99996237619745
26.537,0.99996242644067
26.538,0.99996245156229
26.55,0.99996256042261
26.562,0.99996264416132
26.563,0.99996272790003
26.575,0.99996282001261
26.587,0.99996283676035
26.588,0.99996287025584
26.6,0.99996289537745
26.612,0.99996291212519
26.613,0.99996295399455
26.625,0.99996300423777
26.637,0.999963054481
26.638,0.99996314659358
26.65,0.99996328057552
26.662,0.99996329732326
26.663,0.9999633726881
26.675,0.99996346480068
26.687,0.99996349829616
26.7,0.99996355691326
26.712,0.99996361553036
26.713,0.99996364065197
26.725,0.99996373276455
26.737,0.99996375788617
26.738,0.99996381650326
26.75,0.99996388349423
26.762,0.99996394211133
26.763,0.99996398398068
26.775,0.99996407609327
26.787,0.99996410121488
26.788,0.99996416820585
26.8,0.99996427706617
26.812,0.99996431056165
26.813,0.99996431893553
26.825,0.99996437755262
26.837,0.99996442779585
26.838,0.9999644696652
26.85,0.99996455340391
26.862,0.99996461202101
26.863,0.99996466226424
26.875,0.99996469575972
26.887,0.99996472925521
26.888,0.99996477949843
26.9,0.99996480462005
26.912,0.99996485486327
26.913,0.99996489673263
26.925,0.99996499721908
26.937,0.99996501396682
26.938,0.99996505583618
26.95,0.99996511445327
26.962,0.99996515632263
26.963,0.99996518981811
26.975,0.99996530705231
26.987,0.9999653656694
26.988,0.99996539079102
27,0.9999654242865
27.012,0.99996546615586
27.013,0.99996552477295
27.025,0.99996564200715
27.037,0.99996565038102
27.038,0.99996566712876
27.05,0.99996570899812
27.062,0.99996578436296
27.063,0.99996581785844
27.075,0.99996595184038
27.087,0.99996597696199
27.088,0.99996602720522
27.1,0.99996608582231
27.112,0.9999661193178
27.113,0.99996616118715
27.125,0.99996625329973
27.137,0.99996631191683
27.138,0.99996632866457
27.15,0.99996644589877
27.162,0.99996647102038
27.163,0.99996654638522
27.175,0.99996665524554
27.187,0.99996668874103
27.188,0.99996672223651
27.2,0.99996677247974
27.212,0.99996682272296
27.213,0.99996684784458
27.225,0.99996690646167
27.237,0.99996693995716
27.238,0.99996697345264
27.25,0.999967015322
27.262,0.99996704881748
27.263,0.99996706556522
27.275,0.99996715767781
27.287,0.99996718279942
27.288,0.99996720792103
27.3,0.99996725816426
27.312,0.99996729165974
27.313,0.99996730003361
27.325,0.99996735027684
27.337,0.99996740052007
27.338,0.99996745076329
27.35,0.99996750938039
27.362,0.999967534502
27.363,0.99996756799749
27.375,0.99996762661458
27.387,0.99996766848394
27.388,0.99996771035329
27.4,0.99996776059652
27.412,0.99996777734426
27.413,0.99996783596136
27.425,0.99996795319555
27.437,0.99996798669104
27.438,0.99996800343878
27.45,0.99996807880362
27.462,0.99996808717749
27.463,0.99996812067297
27.475,0.9999681709162
27.487,0.99996822115943
27.488,0.99996827977652
27.5,0.99996833839362
27.512,0.99996838863685
27.513,0.99996842213233
27.525,0.99996853936653
27.537,0.99996856448814
27.538,0.99996860635749
27.55,0.99996863985298
27.562,0.99996865660072
27.563,0.99996867334846
27.575,0.99996872359169
27.587,0.99996879058266
27.588,0.99996883245201
27.6,0.99996887432137
27.612,0.99996889106911
27.613,0.99996890781685
27.625,0.99996896643395
27.637,0.99996901667718
27.638,0.99996907529427
27.65,0.9999691255375
27.662,0.99996913391137
27.663,0.99996915065911
27.675,0.99996919252847
27.688,0.99996923439782
27.7,0.99996928464105
27.712,0.9999693265104
27.713,0.9999693851275
27.725,0.99996949398782
27.737,0.99996951910944
27.738,0.99996954423105
27.75,0.99996962796976
27.762,0.99996965309137
27.763,0.99996966983912
27.775,0.99996971170847
27.787,0.99996972845621
27.788,0.9999697619517
27.8,0.99996981219492
27.812,0.99996986243815
27.813,0.99996987081202
27.825,0.99996998804622
27.837,0.99997001316783
27.838,0.99997002991557
27.85,0.99997005503718
27.862,0.99997011365428
27.863,0.99997015552364
27.875,0.99997023926235
27.887,0.99997026438396
27.888,0.99997029787944
27.9,0.99997036487041
27.912,0.99997038161815
27.913,0.99997041511364
27.925,0.99997048210461
27.937,0.99997053234783
27.938,0.9999705993388
27.95,0.99997067470364
27.962,0.99997070819912
27.963,0.99997076681622
27.975,0.99997080868558
27.987,0.99997082543332
27.988,0.99997083380719
28,0.99997090917203
28.012,0.9999709175459
28.013,0.99997094266751
28.025,0.99997101803235
28.037,0.99997108502332
28.038,0.99997109339719
28.05,0.99997115201429
28.062,0.99997118550977
28.063,0.99997120225752
28.075,0.99997124412687
28.087,0.99997128599623
28.088,0.99997131949171
28.1,0.99997141160429
28.112,0.9999714367259
28.113,0.99997147022139
28.125,0.99997152046461
28.137,0.99997153721236
28.138,0.99997156233397
28.15,0.99997160420332
28.162,0.9999716125772
28.163,0.99997164607268
28.175,0.99997173818526
28.187,0.99997178005462
28.188,0.9999718135501
28.2,0.9999718721672
28.212,0.99997188891494
28.213,0.99997193915817
28.225,0.99997200614913
28.237,0.99997205639236
28.238,0.99997209826172
28.25,0.9999721317572
28.262,0.99997216525268
28.263,0.99997218200043
28.275,0.99997229923462
28.287,0.99997232435623
28.288,0.99997235785172
28.3,0.99997242484269
28.312,0.99997245833817
28.313,0.99997246671204
28.325,0.99997253370301
28.337,0.99997255882462
28.338,0.99997260906785
28.35,0.99997264256333
28.362,0.99997268443269
28.363,0.99997270118043
28.375,0.99997278491914
28.388,0.99997285191011
28.4,0.99997294402269
28.412,0.99997298589205
28.413,0.99997299426592
28.425,0.9999730277614
28.437,0.99997307800463
28.438,0.99997315336947
28.45,0.99997320361269
28.462,0.99997323710818
28.463,0.99997327060366
28.475,0.99997335434237
28.487,0.99997337946398
28.488,0.99997339621173
28.5,0.99997349669818
28.512,0.99997353019366
28.513,0.99997355531528
28.525,0.99997364742786
28.537,0.99997371441883
28.538,0.99997373954044
28.55,0.99997384002689
28.562,0.99997389027012
28.563,0.99997390701786
28.575,0.99997394888721
28.587,0.99997400750431
28.588,0.99997403262592
28.6,0.99997405774754
28.612,0.99997408286915
28.613,0.99997410799076
28.625,0.9999741833556
28.637,0.99997425034657
28.638,0.99997431733754
28.65,0.99997443457173
28.662,0.99997447644109
28.663,0.99997450993657
28.675,0.99997460204915
28.687,0.99997462717077
28.688,0.99997463554464
28.7,0.99997471928335
28.712,0.99997473603109
28.713,0.99997474440496
28.725,0.99997479464819
28.737,0.9999748197698
28.738,0.99997483651754
28.75,0.99997492863013
28.762,0.999974937004
28.763,0.99997495375174
28.775,0.99997503749045
28.787,0.99997505423819
28.788,0.99997509610755
28.8,0.9999751379769
28.812,0.99997518822013
28.813,0.99997523008948
28.825,0.99997528033271
28.837,0.99997531382819
28.838,0.99997532220206
28.85,0.99997538081916
28.862,0.99997540594077
28.863,0.99997543943626
28.875,0.99997550642723
28.887,0.99997552317497
28.888,0.99997555667045
28.9,0.99997567390465
28.912,0.99997569065239
28.913,0.99997575764336
28.925,0.99997580788658
28.937,0.99997581626045
28.938,0.99997582463433
28.95,0.99997588325142
28.962,0.99997589162529
28.963,0.99997594186852
28.975,0.99997598373788
28.987,0.99997605072884
28.988,0.99997608422433
29,0.99997612609368
29.012,0.99997614284143
29.025,0.99997620145852
29.037,0.99997621820626
29.038,0.99997622658014
29.05,0.99997627682336
29.062,0.99997636056207
29.063,0.99997640243143
29.075,0.99997646104852
29.088,0.9999764694224
29.1,0.99997650291788
29.112,0.99997651966562
29.113,0.99997655316111
29.125,0.99997665364756
29.137,0.9999766703953
29.138,0.99997671226466
29.15,0.99997674576014
29.162,0.99997678762949
29.163,0.99997681275111
29.175,0.99997689648982
29.187,0.99997693835917
29.188,0.99997696348079
29.2,0.99997700535014
29.212,0.99997701372401
29.213,0.99997702209788
29.225,0.99997707234111
29.237,0.99997712258434
29.238,0.99997716445369
29.25,0.99997723981853
29.262,0.99997725656627
29.263,0.99997728168789
29.275,0.99997731518337
29.287,0.99997733193111
29.288,0.99997734867885
29.3,0.99997739892208
29.312,0.99997740729595
29.313,0.99997741566982
29.325,0.99997749940853
29.337,0.99997754127789
29.338,0.9999775663995
29.35,0.99997760826886
29.362,0.99997766688595
29.363,0.99997770875531
29.375,0.99997775062466
29.387,0.99997776737241
29.388,0.99997778412015
29.4,0.99997787623273
29.412,0.9999778846066
29.413,0.99997792647596
29.425,0.99997798509305
29.437,0.99997801021467
29.438,0.99997805208402
29.45,0.99997809395338
29.462,0.99997813582273
29.463,0.9999781441966
29.475,0.9999782028137
29.487,0.99997821118757
29.5,0.99997827817854
29.512,0.99997832842176
29.513,0.99997837029112
29.525,0.99997842890822
29.537,0.99997845402983
29.538,0.99997849589919
29.55,0.99997851264693
29.562,0.9999785210208
29.563,0.99997853776854
29.575,0.9999785796379
29.587,0.99997861313338
29.588,0.99997864662886
29.6,0.99997867175048
29.612,0.99997871361983
29.613,0.99997875548919
29.625,0.99997880573241
29.637,0.99997883085403
29.638,0.99997886434951
29.65,0.999978897845
29.662,0.99997890621887
29.663,0.99997893134048
29.675,0.99997900670532
29.687,0.9999790402008
29.688,0.99997908207016
29.7,0.99997914068726
29.712,0.99997914906113
29.713,0.99997917418274
29.725,0.99997921605209
29.737,0.99997927466919
29.738,0.9999792997908
29.75,0.99997933328629
29.762,0.9999793584079
29.763,0.99997938352952
29.775,0.99997945052048
29.787,0.99997949238984
29.788,0.99997950076371
29.8,0.99997955100694
29.812,0.99997956775468
29.813,0.99997959287629
29.825,0.99997962637178
29.837,0.99997964311952
29.838,0.999979676615
29.85,0.9999797352321
29.862,0.99997975197984
29.863,0.99997977710145
29.875,0.99997983571855
29.887,0.99997986084016
29.888,0.99997988596178
29.9,0.99997991945726
29.912,0.99997992783113
29.913,0.99997995295275
29.925,0.99997998644823
29.937,0.99998001994371
29.938,0.99998003669146
29.95,0.99998006181307
29.962,0.99998007856081
29.963,0.99998009530855
29.975,0.99998010368242
29.987,0.99998013717791
29.988,0.99998017067339
30,0.99998027115984
30.012,0.99998029628146
30.013,0.99998032977694
30.025,0.99998036327243
30.05,0.99998041351565
30.062,0.99998045538501
30.063,0.99998046375888
30.075,0.99998050562823
30.087,0.99998052237598
30.088,0.99998053912372
30.1,0.99998058936694
30.112,0.99998060611469
30.113,0.99998062286243
30.125,0.99998068147953
30.137,0.99998069822727
30.138,0.99998070660114
30.15,0.99998074847049
30.162,0.99998076521824
30.163,0.99998080708759
30.175,0.99998086570469
30.187,0.99998089920017
30.188,0.99998093269566
30.2,0.99998099968662
30.212,0.99998101643437
30.213,0.99998102480824
30.225,0.99998106667759
30.237,0.99998107505146
30.238,0.99998109179921
30.25,0.9999811504163
30.262,0.99998118391179
30.263,0.9999812090334
30.275,0.99998125090276
30.288,0.99998128439824
30.3,0.99998133464147
30.312,0.99998135138921
30.313,0.99998135976308
30.325,0.99998139325856
30.337,0.99998141000631
30.35,0.99998144350179
30.362,0.99998149374502
30.363,0.99998151886663
30.375,0.99998156910985
30.387,0.99998157748373
30.388,0.99998159423147
30.4,0.99998162772695
30.412,0.99998163610082
30.413,0.99998164447469
30.425,0.99998168634405
30.438,0.99998171146566
30.45,0.99998176170889
30.462,0.99998177008276
30.463,0.99998181195211
30.475,0.99998186219534
30.487,0.9999819040647
30.488,0.99998191243857
30.5,0.99998193756018
30.513,0.99998195430792
30.525,0.99998198780341
30.537,0.99998200455115
30.538,0.99998201292502
30.55,0.9999820464205
30.562,0.99998207154212
30.563,0.99998207991599
30.575,0.99998209666373
30.587,0.9999821050376
30.588,0.99998211341147
30.6,0.99998218040244
30.612,0.99998218877631
30.613,0.99998220552405
30.625,0.99998223064567
30.637,0.99998227251502
30.638,0.99998231438438
30.65,0.9999823646276
30.663,0.99998237300147
30.675,0.99998240649696
30.687,0.99998243161857
30.688,0.99998244836631
30.7,0.99998249023567
30.712,0.99998250698341
30.713,0.99998252373115
30.725,0.99998255722664
30.737,0.99998256560051
30.738,0.99998257397438
30.75,0.99998259072212
30.762,0.99998260746986
30.763,0.99998262421761
30.775,0.99998265771309
30.787,0.99998270795632
30.788,0.99998273307793
30.8,0.99998280844277
30.812,0.99998283356438
30.813,0.99998286705987
30.825,0.99998291730309
30.837,0.9999829424247
30.838,0.99998295917245
30.85,0.9999830010418
30.862,0.99998300941567
30.863,0.99998302616341
30.875,0.9999830596589
30.887,0.99998306803277
30.888,0.99998310990213
30.9,0.99998316851922
30.912,0.99998317689309
30.913,0.99998319364084
30.925,0.99998320201471
30.937,0.99998323551019
30.938,0.99998325225793
30.95,0.99998328575342
30.962,0.99998333599664
30.963,0.99998336111826
30.975,0.9999834364831
30.987,0.99998345323084
30.988,0.99998346997858
31,0.99998350347406
31.012,0.99998352022181
31.013,0.99998354534342
31.025,0.99998361233439
31.037,0.999983637456
31.038,0.99998366257761
31.05,0.99998370444697
31.062,0.99998371282084
31.063,0.99998375469019
31.075,0.99998381330729
31.087,0.99998385517665
31.088,0.99998387192439
31.1,0.999983897046
31.112,0.99998393891536
31.113,0.9999839556631
31.125,0.99998398078471
31.137,0.99998398915858
31.138,0.99998399753245
31.15,0.99998406452342
31.162,0.99998408964504
31.163,0.99998410639278
31.175,0.99998416500988
31.187,0.99998419013149
31.188,0.99998423200084
31.2,0.99998428224407
31.212,0.99998429899181
31.213,0.99998430736568
31.225,0.99998432411342
31.237,0.9999843324873
31.238,0.99998434086117
31.25,0.99998438273052
31.262,0.99998439947826
31.263,0.99998444134762
31.275,0.99998448321697
31.287,0.99998449159085
31.288,0.99998452508633
31.3,0.99998456695568
31.312,0.99998460045117
31.313,0.99998460882504
31.325,0.99998461719891
31.338,0.99998464232052
31.35,0.99998470093762
31.362,0.99998470931149
31.363,0.99998472605923
31.375,0.99998478467633
31.387,0.99998482654569
31.388,0.9999848516673
31.4,0.99998489353666
31.413,0.99998490191053
31.425,0.99998498564924
31.437,0.99998500239698
31.438,0.99998501914472
31.45,0.99998503589246
31.462,0.99998504426633
31.463,0.99998506938795
31.475,0.99998508613569
31.487,0.9999851112573
31.488,0.99998512800504
31.5,0.99998514475279
31.512,0.99998517824827
31.513,0.99998520336988
31.525,0.99998524523924
31.537,0.99998527036085
31.538,0.99998527873472
31.55,0.99998530385634
31.562,0.99998531223021
31.563,0.99998533735182
31.575,0.99998536247343
31.588,0.9999853708473
31.6,0.99998538759505
31.612,0.99998540434279
31.613,0.99998541271666
31.625,0.99998547970763
31.637,0.99998551320311
31.638,0.99998552995085
31.65,0.99998556344634
31.663,0.99998558019408
31.675,0.99998561368956
31.687,0.99998562206344
31.688,0.99998563043731
31.7,0.99998566393279
31.712,0.99998570580215
31.713,0.99998573092376
31.725,0.99998577279311
31.737,0.99998578954086
31.738,0.99998582303634
31.75,0.99998588165344
31.762,0.99998589840118
31.763,0.99998592352279
31.775,0.99998595701828
31.8,0.99998599888763
31.812,0.99998604075699
31.813,0.99998604913086
31.825,0.99998608262634
31.837,0.99998609100021
31.838,0.99998610774796
31.85,0.99998614961731
31.862,0.99998616636505
31.863,0.99998619148667
31.887,0.99998623335602
31.888,0.99998625847763
31.9,0.99998630034699
31.912,0.9999863254686
31.913,0.99998633384247
31.925,0.99998635896409
31.937,0.99998639245957
31.938,0.99998640920731
31.95,0.99998643432893
31.962,0.9999864427028
31.963,0.99998645107667
31.975,0.99998648457215
31.987,0.99998651806764
31.988,0.99998655156312
32,0.99998661018022
32.012,0.9999866436757
32.013,0.99998666879731
32.025,0.99998667717119
32.037,0.99998668554506
32.038,0.99998669391893
32.05,0.99998671904054
32.062,0.99998672741441
32.063,0.99998673578828
32.075,0.99998675253602
32.087,0.99998676928377
32.088,0.99998679440538
32.1,0.99998681115312
32.113,0.99998682790086
32.125,0.99998691163957
32.137,0.99998693676119
32.138,0.9999869618828
32.15,0.99998697025667
32.162,0.99998698700441
32.163,0.9999870204999
32.175,0.99998702887377
32.187,0.99998705399538
32.188,0.99998707074312
32.2,0.99998708749087
32.212,0.99998710423861
32.213,0.99998712098635
32.237,0.99998713773409
32.238,0.99998715448183
32.25,0.99998720472506
32.262,0.9999872214728
32.263,0.99998723822054
32.275,0.99998728846377
32.287,0.99998732195925
32.288,0.99998733033313
32.3,0.99998738895022
32.312,0.99998740569797
32.313,0.99998742244571
32.325,0.99998749781055
32.337,0.99998750618442
32.338,0.99998751455829
32.35,0.9999875396799
32.362,0.99998754805377
32.363,0.99998758154926
32.375,0.9999876569141
32.387,0.99998766528797
32.388,0.99998769040958
32.4,0.99998770715732
32.412,0.99998772390506
32.425,0.99998774902668
32.437,0.99998777414829
32.438,0.99998779089603
32.45,0.99998783276539
32.462,0.99998786626087
32.463,0.99998789975636
32.475,0.99998793325184
32.487,0.99998794999958
32.488,0.99998796674732
32.5,0.99998800024281
32.512,0.99998802536442
32.513,0.99998804211216
32.525,0.99998807560765
32.537,0.99998808398152
32.538,0.99998810072926
32.55,0.9999881760941
32.562,0.99998820958958
32.563,0.99998822633733
32.575,0.99998825983281
32.587,0.99998828495442
32.588,0.99998830170217
32.6,0.99998832682378
32.625,0.99998836031926
32.637,0.99998836869313
32.638,0.99998837706701
32.65,0.99998841056249
32.675,0.9999884356841
32.687,0.99998846080572
32.688,0.9999884943012
32.7,0.99998852779668
32.712,0.99998854454443
32.713,0.9999885529183
32.725,0.99998859478765
32.737,0.99998861153539
32.738,0.99998862828314
32.75,0.9999886952741
32.762,0.99998872876959
32.775,0.99998876226507
32.787,0.99998877901281
32.788,0.99998878738669
32.8,0.99998884600378
32.813,0.99998885437765
32.825,0.99998888787314
32.837,0.99998889624701
32.838,0.99998890462088
32.85,0.99998893811636
32.862,0.99998894649024
32.863,0.99998895486411
32.875,0.9999890134812
32.887,0.99998902185507
32.888,0.99998903022895
32.9,0.99998905535056
32.912,0.99998906372443
32.913,0.99998908047217
32.925,0.99998910559379
32.937,0.99998912234153
32.938,0.99998913908927
32.95,0.99998917258475
32.962,0.99998920608024
32.963,0.99998923957572
32.975,0.99998928144508
32.987,0.99998928981895
32.988,0.99998929819282
33,0.99998930656669
33.013,0.99998931494056
33.025,0.9999893316883
33.037,0.99998935680992
33.038,0.99998938193153
33.05,0.99998944054863
33.062,0.99998945729637
33.063,0.99998947404411
33.075,0.99998949916572
33.087,0.99998951591347
33.088,0.99998953266121
33.1,0.99998957453056
33.112,0.99998959965218
33.113,0.99998962477379
33.125,0.9999896498954
33.137,0.99998966664314
33.138,0.99998967501702
33.15,0.9999897085125
33.162,0.99998974200798
33.163,0.99998977550347
33.175,0.99998980062508
33.187,0.99998980899895
33.188,0.99998981737282
33.2,0.99998985086831
33.212,0.99998985924218
33.213,0.99998988436379
33.225,0.9999899094854
33.237,0.99998993460702
33.238,0.99998995135476
33.25,0.9999899681025
33.275,0.99998997647637
33.3,0.99999005184121
33.312,0.99999011045831
33.313,0.99999016907541
33.325,0.99999017744928
33.338,0.99999018582315
33.35,0.99999019419702
33.375,0.99999027793573
33.387,0.99999029468347
33.4,0.9999903449267
33.412,0.99999037004831
33.413,0.99999038679605
33.425,0.99999039516992
33.45,0.99999042029154
33.462,0.99999045378702
33.463,0.99999047053476
33.475,0.9999905458996
33.487,0.99999056264735
33.5,0.99999059614283
33.513,0.99999062126444
33.537,0.99999062963831
33.538,0.9999906631338
33.55,0.99999069662928
33.563,0.99999071337702
33.575,0.99999073849864
33.587,0.99999075524638
33.588,0.99999078874186
33.6,0.99999080548961
33.612,0.99999083061122
33.613,0.99999084735896
33.625,0.99999090597606
33.637,0.99999091434993
33.638,0.99999093947154
33.65,0.9999909813409
33.662,0.99999098971477
33.663,0.99999099808864
33.675,0.99999102321025
33.687,0.99999103995799
33.688,0.99999106507961
33.7,0.99999108182735
33.712,0.99999109020122
33.713,0.99999109857509
33.725,0.99999116556606
33.737,0.9999911823138
33.738,0.99999119068767
33.75,0.99999124930477
33.762,0.99999125767864
33.763,0.99999127442638
33.775,0.99999129117412
33.788,0.999991299548
33.8,0.99999130792187
33.825,0.99999136653896
33.837,0.99999141678219
33.838,0.9999914419038
33.85,0.99999148377316
33.862,0.99999149214703
33.875,0.99999152564251
33.887,0.99999153401638
33.9,0.99999155076413
33.912,0.99999158425961
33.913,0.99999160100735
33.925,0.99999165125058
33.937,0.99999165962445
33.938,0.99999166799832
33.95,0.99999168474606
33.962,0.99999170149381
33.963,0.99999173498929
33.975,0.9999917601109
33.987,0.99999176848477
34,0.99999178523252
34.012,0.999991818728
34.013,0.99999183547574
34.025,0.99999186897123
34.037,0.9999918773451
34.038,0.99999190246671
34.05,0.99999192758832
34.062,0.99999196108381
34.063,0.99999197783155
34.075,0.99999202807478
34.1,0.99999204482252
34.112,0.99999206994413
34.113,0.99999209506574
34.125,0.99999215368284
34.137,0.99999216205671
34.138,0.99999217043058
34.15,0.99999217880445
34.162,0.9999921955522
34.163,0.99999222904768
34.175,0.99999225416929
34.187,0.99999226254316
34.188,0.99999227091704
34.2,0.99999232116026
34.213,0.99999234628188
34.225,0.99999236302962
34.237,0.99999237140349
34.238,0.99999237977736
34.25,0.99999240489897
34.262,0.99999243839446
34.263,0.99999247188994
34.275,0.99999248026381
34.287,0.99999248863768
34.288,0.99999250538542
34.312,0.99999252213317
34.325,0.99999255562865
34.337,0.99999257237639
34.35,0.99999263099349
34.362,0.99999263936736
34.375,0.9999927147322
34.387,0.99999272310607
34.388,0.99999273985381
34.4,0.99999274822768
34.425,0.99999279009704
34.437,0.99999280684478
34.438,0.99999282359252
34.45,0.99999285708801
34.462,0.99999288220962
34.463,0.99999290733123
34.475,0.99999291570511
34.5,0.99999292407898
34.512,0.99999293245285
34.513,0.99999294920059
34.525,0.9999929743222
34.537,0.99999299106994
34.538,0.99999302456543
34.55,0.99999306643478
34.562,0.99999308318253
34.563,0.99999309993027
34.575,0.99999313342575
34.587,0.99999314179962
34.6,0.99999315854737
34.612,0.99999317529511
34.613,0.99999318366898
34.638,0.99999319204285
34.65,0.9999932339122
34.662,0.99999327578156
34.663,0.99999331765092
34.675,0.99999332602479
34.687,0.99999333439866
34.688,0.99999334277253
34.7,0.9999933511464
34.712,0.99999338464188
34.713,0.9999934097635
34.725,0.99999342651124
34.737,0.99999344325898
34.738,0.99999345163285
34.75,0.99999349350221
34.762,0.99999350187608
34.763,0.99999351024995
34.775,0.99999352699769
34.788,0.99999353537156
34.8,0.99999356886705
34.812,0.99999358561479
34.813,0.99999359398866
34.837,0.99999361911027
34.838,0.99999364423189
34.85,0.99999368610124
34.875,0.99999371959672
34.888,0.99999373634447
34.912,0.99999376146608
34.913,0.99999377821382
34.925,0.99999381170931
34.937,0.99999382008318
34.938,0.99999383683092
34.95,0.99999385357866
34.975,0.9999938703264
34.987,0.99999387870027
34.988,0.99999390382189
35,0.99999391219576
35.012,0.99999392056963
35.013,0.9999939289435
35.025,0.99999397081286
35.037,0.99999397918673
35.05,0.99999400430834
35.062,0.99999401268221
35.063,0.99999402105608
35.075,0.99999407967318
35.087,0.99999411316866
35.088,0.99999413829028
35.1,0.99999416341189
35.113,0.99999417178576
35.15,0.9999941885335
35.162,0.99999421365512
35.163,0.99999423877673
35.175,0.99999425552447
35.187,0.99999426389834
35.188,0.99999428064608
35.2,0.99999431414157
35.212,0.99999432251544
35.213,0.99999434763705
35.225,0.99999435601092
35.25,0.99999437275867
35.262,0.99999438113254
35.263,0.99999441462802
35.275,0.99999442300189
35.287,0.99999445649738
35.288,0.99999447324512
35.3,0.99999448999286
35.312,0.99999452348834
35.313,0.99999454023609
35.325,0.9999945653577
35.337,0.99999457373157
35.35,0.99999458210544
35.363,0.99999459047931
35.375,0.99999460722705
35.387,0.99999461560093
35.388,0.99999464072254
35.4,0.99999465747028
35.412,0.99999466584415
35.413,0.99999467421802
35.425,0.99999471608738
35.437,0.99999474120899
35.45,0.99999479982609
35.462,0.99999480819996
35.463,0.99999481657383
35.475,0.99999483332157
35.487,0.99999484169544
35.5,0.9999948835648
35.512,0.99999489193867
35.513,0.99999491706028
35.525,0.99999498405125
35.538,0.99999499242512
35.55,0.99999502592061
35.562,0.99999503429448
35.575,0.99999506778996
35.588,0.9999950845377
35.6,0.99999510128545
35.612,0.99999511803319
35.625,0.99999512640706
35.65,0.99999515152867
35.662,0.99999517665028
35.663,0.99999519339803
35.675,0.99999522689351
35.7,0.99999524364125
35.725,0.99999526876287
35.738,0.99999527713674
35.75,0.99999529388448
35.762,0.99999531063222
35.763,0.99999531900609
35.775,0.99999533575383
35.787,0.99999536087545
35.788,0.99999538599706
35.8,0.99999541111867
35.825,0.99999542786642
35.838,0.99999545298803
35.85,0.99999547810964
35.862,0.99999548648351
35.863,0.99999549485738
35.875,0.99999551160513
35.887,0.999995519979
35.888,0.99999552835287
35.9,0.99999553672674
35.912,0.99999554510061
35.913,0.99999556184835
35.925,0.99999558696997
35.937,0.99999559534384
35.938,0.99999560371771
35.95,0.99999561209158
35.962,0.99999562883932
35.963,0.99999563721319
35.975,0.99999567070868
35.987,0.99999567908255
35.988,0.99999569583029
36.012,0.99999570420416
36.013,0.99999571257803
36.025,0.99999573769964
36.037,0.99999575444739
36.038,0.99999576282126
36.05,0.99999579631674
36.063,0.99999580469061
36.075,0.99999582143835
36.087,0.9999958381861
36.088,0.99999584655997
36.113,0.99999585493384
36.125,0.99999586330771
36.137,0.99999588005545
36.138,0.99999589680319
36.15,0.99999593029868
36.162,0.99999594704642
36.163,0.99999595542029
36.175,0.99999596379416
36.188,0.99999597216803
36.2,0.99999598891577
36.212,0.99999600566352
36.213,0.99999603078513
36.237,0.999996039159
36.238,0.99999604753287
36.25,0.99999606428061
36.275,0.99999612289771
36.287,0.99999613127158
36.288,0.99999614801932
36.3,0.99999618151481
36.312,0.99999619826255
36.325,0.99999620663642
36.35,0.99999621501029
36.375,0.99999623175803
36.412,0.99999624013191
36.413,0.99999625687965
36.425,0.99999627362739
36.437,0.99999628200126
36.438,0.999996298749
36.45,0.99999631549675
36.462,0.99999632387062
36.475,0.99999634061836
36.487,0.9999963573661
36.488,0.99999637411384
36.512,0.99999638248771
36.513,0.99999639086158
36.525,0.9999964159832
36.537,0.99999642435707
36.538,0.99999644947868
36.55,0.99999645785255
36.563,0.99999646622642
36.575,0.99999647460029
36.6,0.99999648297417
36.612,0.99999649972191
36.625,0.99999653321739
36.637,0.99999654159126
36.638,0.99999654996513
36.7,0.99999658346062
36.713,0.99999660858223
36.738,0.9999966169561
36.75,0.99999663370384
36.775,0.99999664207772
36.8,0.99999665882546
36.825,0.99999669232094
36.838,0.99999670069481
36.862,0.99999670906868
36.863,0.99999671744255
36.875,0.9999967341903
36.887,0.99999674256417
36.9,0.99999675093804
36.925,0.99999675931191
36.937,0.99999677605965
36.938,0.99999678443352
36.95,0.99999679280739
36.962,0.99999680955514
36.963,0.99999681792901
36.975,0.99999682630288
36.988,0.99999683467675
37.025,0.99999684305062
37.05,0.9999968765461
37.062,0.99999689329385
37.063,0.99999690166772
37.075,0.99999692678933
37.087,0.9999969351632
37.088,0.99999694353707
37.1,0.99999695191094
37.113,0.99999696028481
37.125,0.99999696865869
37.162,0.99999697703256
37.163,0.99999698540643
37.175,0.99999701052804
37.187,0.99999702727578
37.188,0.99999703564965
37.2,0.99999704402353
37.213,0.9999970523974
37.237,0.99999706077127
37.25,0.99999708589288
37.262,0.99999710264062
37.263,0.99999712776224
37.275,0.99999713613611
37.3,0.99999714450998
37.312,0.99999716125772
37.325,0.99999716963159
37.337,0.99999717800546
37.338,0.99999718637933
37.35,0.99999720312707
37.362,0.99999721987482
37.363,0.99999724499643
37.375,0.99999726174417
37.387,0.99999727011804
37.412,0.99999727849191
37.413,0.99999729523966
37.425,0.99999730361353
37.437,0.9999973119874
37.438,0.99999732036127
37.45,0.99999733710901
37.475,0.99999735385675
37.487,0.99999736223062
37.488,0.9999973706045
37.512,0.99999737897837
37.537,0.99999738735224
37.538,0.99999740409998
37.562,0.99999741247385
37.563,0.99999742084772
37.587,0.99999742922159
37.588,0.99999743759546
37.6,0.99999744596933
37.612,0.99999745434321
37.625,0.99999747946482
37.65,0.99999748783869
37.662,0.99999749621256
37.675,0.9999975129603
37.687,0.99999752133417
37.688,0.99999754645579
37.7,0.99999755482966
37.737,0.9999975715774
37.738,0.99999757995127
37.763,0.99999758832514
37.775,0.99999759669901
37.788,0.99999760507288
37.812,0.9999976301945
37.813,0.99999763856837
37.863,0.99999766368998
37.875,0.99999768881159
37.9,0.99999770555934
37.912,0.99999771393321
37.937,0.99999773068095
37.938,0.99999773905482
37.95,0.99999775580256
37.962,0.99999776417643
37.975,0.99999778092418
38,0.99999778929805
38.012,0.99999779767192
38.013,0.99999780604579
38.025,0.99999782279353
38.038,0.9999978311674
38.05,0.99999785628902
38.087,0.99999788141063
38.088,0.99999789815837
38.125,0.99999790653224
38.15,0.99999791490611
38.162,0.99999792327998
38.163,0.9999979484016
38.187,0.99999795677547
38.2,0.99999798189708
38.212,0.99999799027095
38.213,0.99999801539257
38.225,0.99999802376644
38.237,0.99999803214031
38.275,0.99999804051418
38.287,0.99999805726192
38.288,0.99999806563579
38.313,0.99999807400966
38.325,0.99999808238353
38.337,0.9999980907574
38.338,0.99999810750515
38.363,0.99999811587902
38.375,0.99999813262676
38.387,0.99999814100063
38.4,0.99999815774837
38.425,0.99999816612224
38.437,0.99999817449611
38.438,0.99999818286999
38.45,0.9999982079916
38.463,0.99999821636547
38.475,0.99999822473934
38.487,0.99999823311321
38.488,0.99999824148708
38.512,0.99999824986095
38.513,0.99999825823483
38.537,0.99999827498257
38.538,0.99999828335644
38.562,0.99999829173031
38.563,0.99999830847805
38.575,0.99999831685192
38.612,0.99999834197354
38.613,0.99999836709515
38.625,0.99999839221676
38.637,0.99999840059063
38.65,0.99999841733837
38.662,0.99999842571225
38.675,0.99999843408612
38.687,0.99999844245999
38.7,0.99999845920773
38.713,0.9999984675816
38.725,0.99999848432934
38.762,0.99999850107708
38.763,0.99999851782483
38.787,0.9999985261987
38.8,0.99999853457257
38.825,0.99999854294644
38.837,0.99999856806805
38.85,0.99999857644192
38.862,0.9999985848158
38.875,0.99999860156354
38.888,0.99999860993741
38.912,0.99999861831128
38.938,0.99999862668515
38.95,0.99999865180676
38.962,0.99999866855451
38.975,0.99999868530225
38.987,0.99999870204999
38.988,0.99999871879773
39,0.99999876904096
39.013,0.99999877741483
39.05,0.9999987857887
39.063,0.99999879416257
39.075,0.99999881091031
39.112,0.99999882765806
39.113,0.9999988444058
39.125,0.99999886115354
39.137,0.99999886952741
39.138,0.99999887790128
39.15,0.99999888627515
39.175,0.99999889464902
39.187,0.99999890302289
39.2,0.99999891139677
39.213,0.99999892814451
39.225,0.99999895326612
39.238,0.99999896163999
39.25,0.99999897838773
39.262,0.99999899513548
39.263,0.99999901188322
39.275,0.99999902025709
39.287,0.99999902863096
39.288,0.99999903700483
39.3,0.99999907050032
39.312,0.99999907887419
39.313,0.99999908724806
39.325,0.99999909562193
39.337,0.9999991039958
39.363,0.99999911236967
39.375,0.99999912074354
39.4,0.99999913749128
39.437,0.99999914586515
39.438,0.99999915423903
39.45,0.99999917098677
39.462,0.99999917936064
39.487,0.99999918773451
39.5,0.99999922122999
39.512,0.99999923797774
39.513,0.99999924635161
39.537,0.99999925472548
39.55,0.99999927984709
39.562,0.99999928822096
39.575,0.99999929659483
39.588,0.9999993049687
39.625,0.99999931334258
39.65,0.99999932171645
39.663,0.99999933009032
39.675,0.99999933846419
39.7,0.99999934683806
39.712,0.99999935521193
39.725,0.99999938033354
39.738,0.99999938870741
39.762,0.99999939708129
39.763,0.99999940545516
39.775,0.99999941382903
39.787,0.9999994222029
39.788,0.99999943895064
39.813,0.99999944732451
39.838,0.99999945569838
39.85,0.99999948082
39.862,0.99999948919387
39.9,0.99999950594161
39.913,0.99999951431548
39.925,0.99999953943709
39.962,0.99999954781096
39.963,0.99999955618484
39.975,0.99999958130645
39.987,0.99999958968032
40,0.99999960642806
40.037,0.99999961480193
40.05,0.9999996231758
40.063,0.99999963154967
40.113,0.99999963992355
40.212,0.99999964829742
40.213,0.99999965667129
40.237,0.99999966504516
40.238,0.99999967341903
40.325,0.9999996817929
40.337,0.99999969016677
40.35,0.99999969854064
40.363,0.99999970691451
40.4,0.99999972366226
40.412,0.99999974041
40.413,0.99999975715774
40.462,0.99999976553161
40.475,0.99999977390548
40.55,0.99999978227935
40.563,0.99999979065322
40.662,0.9999997990271
40.663,0.99999980740097
40.675,0.99999981577484
40.7,0.99999982414871
40.713,0.99999983252258
40.787,0.99999984927032
40.8,0.99999986601806
40.875,0.99999987439193
40.887,0.99999988276581
40.888,0.99999989113968
40.962,0.99999989951355
40.963,0.99999990788742
41.075,0.99999992463516
41.163,0.99999993300903
41.175,0.9999999413829
41.262,0.99999994975677
41.263,0.99999995813064
41.325,0.99999996650452
41.337,0.99999997487839
41.425,0.99999999162613
41.5,1
